-- MySQL dump 10.13  Distrib 5.7.23, for Linux (x86_64)
--
-- Host: localhost    Database: cosmos
-- ------------------------------------------------------
-- Server version	5.7.23-0ubuntu0.16.04.1

/*!40101 SET @OLD_CHARACTER_SET_CLIENT=@@CHARACTER_SET_CLIENT */;
/*!40101 SET @OLD_CHARACTER_SET_RESULTS=@@CHARACTER_SET_RESULTS */;
/*!40101 SET @OLD_COLLATION_CONNECTION=@@COLLATION_CONNECTION */;
/*!40101 SET NAMES utf8 */;
/*!40103 SET @OLD_TIME_ZONE=@@TIME_ZONE */;
/*!40103 SET TIME_ZONE='+00:00' */;
/*!40014 SET @OLD_UNIQUE_CHECKS=@@UNIQUE_CHECKS, UNIQUE_CHECKS=0 */;
/*!40014 SET @OLD_FOREIGN_KEY_CHECKS=@@FOREIGN_KEY_CHECKS, FOREIGN_KEY_CHECKS=0 */;
/*!40101 SET @OLD_SQL_MODE=@@SQL_MODE, SQL_MODE='NO_AUTO_VALUE_ON_ZERO' */;
/*!40111 SET @OLD_SQL_NOTES=@@SQL_NOTES, SQL_NOTES=0 */;

--
-- Table structure for table `answers`
--

DROP TABLE IF EXISTS `answers`;
/*!40101 SET @saved_cs_client     = @@character_set_client */;
/*!40101 SET character_set_client = utf8 */;
CREATE TABLE `answers` (
  `id` int(11) NOT NULL AUTO_INCREMENT,
  `answer` varchar(150) NOT NULL DEFAULT '',
  `correct` int(11) NOT NULL,
  `question_id` int(11) NOT NULL,
  PRIMARY KEY (`id`),
  KEY `answers_questions_question_id_idx` (`question_id`),
  CONSTRAINT `answers_questions_question_id` FOREIGN KEY (`question_id`) REFERENCES `questions` (`id`) ON DELETE NO ACTION ON UPDATE NO ACTION
) ENGINE=InnoDB AUTO_INCREMENT=2174 DEFAULT CHARSET=utf8;
/*!40101 SET character_set_client = @saved_cs_client */;

--
-- Dumping data for table `answers`
--

LOCK TABLES `answers` WRITE;
/*!40000 ALTER TABLE `answers` DISABLE KEYS */;
INSERT INTO `answers` VALUES (91,'He is ugly',1,28),(92,'He ate asparigus',0,28),(93,'He cleaned up dog poop',0,28),(94,'didnt put on deoderant',0,28),(95,'5780K',1,29),(96,'6780K',0,29),(97,'3587K',0,29),(98,'4290K',0,29),(99,'1.99 x 10^30 KG',1,30),(100,'1.99 x 15^15 KG',0,30),(101,'1.53 x 10^31 KG',0,30),(103,'1.53 x 10^15 KG',0,30),(104,'Chromosphere',1,31),(105,'Photoshpere',0,31),(106,'Transition Zone',0,31),(110,'Photosphere',1,32),(111,'Chromosphere',0,32),(112,'Transition Zone',0,32),(113,'Corona',0,32),(114,'Radiation Zone',0,32),(115,'Blue\'\'',1,33),(116,'Red',0,33),(117,'Yellow',0,33),(118,'Brown',0,33),(123,'A star',1,34),(124,'The Sun',0,34),(125,'A meteorite',0,34),(126,'A comet ',0,34),(127,'Corona',0,31),(128,'Radiation Zone',0,31),(129,'3042K',0,29),(130,'1500 KM',1,35),(131,'2000 KM',0,35),(132,'1000 KM',0,35),(133,'2500 KM',0,35),(134,'3000 KM',0,35),(135,'The Transition Zone',1,36),(136,'The Photoshere',0,36),(137,'The Corona',0,36),(138,'The Radiation Zone',0,36),(139,'The Convection Zone',0,36),(140,'865,000 miles',1,37),(141,'85,000 miles',0,37),(142,'250,000 miles',0,37),(143,'1,525,000 miles',0,37),(144,'6,575,000 miles',0,37),(145,'1,375,000 miles',0,37),(146,'The Solar corona',1,38),(147,'The Photosphere',0,38),(148,'The Chromosphere',0,38),(149,'The Radiation Zone',0,38),(150,'The Convection Zone',0,38),(151,'The Solar Wind',1,39),(152,'Solar Constant',0,39),(153,'The Radiation Zone',0,39),(154,'Solar Activity',0,39),(155,'Sunspots',0,39),(156,'Convection Zone',1,40),(157,'Radiation Zone',0,40),(158,'Transition Zone',0,40),(159,'The core',0,40),(160,'Active regions',0,40),(161,'Atomic region',0,40),(162,'Nuclear region',0,40),(163,'Solar region',0,40),(164,'Cosmic region',0,40),(165,'Radiation Zone',1,41),(166,'Convection Zone',0,41),(167,'The core',0,41),(168,'Transition Zone ',0,41),(169,'The core',1,42),(170,'The corona',0,42),(171,'Solar Zone',0,42),(172,'Nuclear Zone',0,42),(173,'Solar rotation',1,43),(174,'Solar Wind',0,43),(175,'Luminosity',0,43),(176,'Surface Temperature',0,43),(177,'Solar Constant',0,43),(178,'Solar Convection',0,43),(179,'Solar constant',1,44),(180,'Luminosity',0,44),(181,'Hydrostatic equilibrium',0,44),(182,'Helioseismology',0,44),(183,'Luminosity',1,45),(184,'Solar constant',0,45),(185,'Solar cells',0,45),(186,'Solar wind',0,45),(187,'bkjk',1,46),(188,'ckjkj',0,46),(189,'d',0,46),(192,'test',0,46),(193,'hydrostatic equilibrium',1,47),(194,'helioseismology',0,47),(195,'solar constant',0,47),(196,'solar convection ',0,47),(197,'Solar Oscillation',1,48),(198,'Solar Convection',0,48),(199,'Helioseismlogy',0,48),(200,'GONG',0,48),(201,'SOHO',0,48),(202,'Solar Wind',0,48),(203,'Global Oscillations Network Group',1,49),(204,'Global Oscillations Next Generation',0,49),(205,'Galaxy Of New Generations',0,49),(206,'Greater Ongoing Network of Galaxies ',0,49),(207,'Gathering Of New Galaxies',0,49),(208,'Helioseismology',1,50),(209,'Heliocentrism',0,50),(210,'Heliometrical ',0,50),(211,'Heliotropism ',0,50),(212,'Heliolatry',0,50),(213,'2',1,51),(214,'1',0,51),(217,'5',0,51),(219,'7',0,51),(222,'10',0,51),(223,'11',0,51),(224,'-81 degrees F',1,52),(225,'-81 degrees C',0,52),(226,'-122 degrees F',0,52),(227,'-122 degrees C',0,52),(228,'-40 degrees F',0,52),(229,'-40 degrees C',0,52),(230,'-12 degrees F',0,52),(231,'-12 degrees C',0,52),(232,'4 degrees F',0,52),(233,'4 degrees C',0,52),(234,'4th',1,53),(235,'2nd',0,53),(236,'3rd',0,53),(237,'5th',0,53),(238,'6th',0,53),(239,'7th',0,53),(240,'8th',0,53),(241,'1st',0,53),(242,'Solar and Heliospheric Observatory',1,54),(243,'Solar Oscillations and Helioseismology Observatory',0,54),(244,'Space Observations and Hydrostatic Observations',0,54),(245,'Solar and Heliopause Observatory',0,54),(246,'Solar and Heliocentric Observatory',0,54),(247,'Solar and Helium Observations',0,54),(248,'37.5',1,55),(249,'22',0,55),(250,'12.5',0,55),(251,'22.5',0,55),(252,'5.2',0,55),(253,'77.5',0,55),(254,'55.0',0,55),(255,'24 hours 37 minutes',1,56),(256,'16 hours 2 minutes',0,56),(257,'41 hours 23 minutes',0,56),(258,'12 hours 17 minutes',0,56),(262,'687 Earth Days',1,57),(263,'316 Earth Days',0,57),(264,'1,202 Earth Days',0,57),(265,'16,395 Earth Days',0,57),(266,'12,430 Earth Days',0,57),(270,'2 hours 12 minutes',0,56),(271,'62 hours 3 minutes',0,56),(272,'3',0,51),(273,'142 million',1,58),(274,'26 billion',0,58),(275,'12 trillion',0,58),(276,'660 million',0,58),(277,'87 million',0,58),(278,'16 million',0,58),(279,'25',1,59),(280,'15',0,59),(281,'6',0,59),(282,'31',0,59),(283,'44',0,59),(284,'6.9 miles',1,60),(285,'2,600 miles',0,60),(286,'1,084 miles',0,60),(287,'392 miles',0,60),(288,'1,510 miles',0,60),(289,'10',1,61),(290,'25',0,61),(291,'66',0,61),(292,'5',0,61),(293,'85',0,61),(294,'15',0,61),(295,'95',1,62),(296,'88',0,62),(297,'75',0,62),(298,'68',0,62),(299,'60',0,62),(300,'42',0,62),(301,'Curiosity',1,63),(302,'Intrepid',0,63),(303,'Exploratron',0,63),(304,'Finder',0,63),(305,'Atrix',0,63),(306,'Mavaris',0,63),(307,'Gale',1,64),(308,'Spirit',0,64),(309,'Curiosity',0,64),(310,'Opportunity',0,64),(311,'Sojourner',0,64),(312,'Gale Crater',1,65),(313,'Mount Sharp',0,65),(314,'Valles Marineris',0,65),(315,'Olympus Mons',0,65),(316,'Hellas Planitia',0,65),(317,'Victoria Crater',0,65),(318,'Jupiter',1,66),(319,'Mars',0,66),(320,'Saturn',0,66),(321,'Uranus',0,66),(322,'Neptune',0,66),(323,'Pluto',0,66),(324,'Earth',0,66),(325,'Mercury ',0,66),(326,'Venus',0,66),(327,'Mars 3',1,67),(328,'Curiosity',0,67),(329,'Opportunity',0,67),(330,'Mars 2',0,67),(331,'Mariner 6',0,67),(332,'Sojourner',0,67),(333,'Granulation',1,68),(334,'Hydrogen',0,68),(335,'Granules',0,68),(336,'Solar Spicules',0,68),(337,'Sulfur',0,68),(338,'Hydroegn',1,69),(339,'Helium ',0,69),(340,'Oxygen',0,69),(341,'Carbon',0,69),(342,'Nitrogen',0,69),(343,'Silicon',0,69),(344,'Magnesium ',0,69),(345,'Neon',0,69),(346,'Iron',0,69),(347,'Sulfur',0,69),(348,'2012',1,70),(349,'2004',0,70),(350,'1991',0,70),(351,'2017',0,70),(352,'1982',0,70),(353,'1776',0,70),(354,'spicules',1,71),(355,'coronas',0,71),(356,'sunspots',0,71),(357,'umbra',0,71),(358,'penumbra',0,71),(359,'God Of War',1,72),(360,'God Of The Sky',0,72),(361,'God Of Fire',0,72),(362,'God Of Love',0,72),(363,'God Of Music',0,72),(364,'Mars',1,73),(365,'Earth',0,73),(366,'Mercury',0,73),(367,'Venus',0,73),(368,'Saturn',0,73),(369,'Jupiter',0,73),(370,'Jupiter',1,74),(371,'Mars',0,74),(372,'Venus',0,74),(373,'Mercury',0,74),(374,'Earth',0,74),(375,'16 miles',1,75),(376,'80 miles',0,75),(377,'12 miles',0,75),(378,'3 miles',0,75),(379,'41 miles',0,75),(380,'112 miles',0,75),(381,'374 miles',1,76),(382,'823 miles',0,76),(383,'42 miles',0,76),(384,'12 miles',0,76),(385,'680 miles',0,76),(386,'150 miles',0,76),(387,'Rusted Iron',1,77),(388,'Paprika',0,77),(389,'sunlight',0,77),(390,'Magnesium',0,77),(391,'Sulfur',0,77),(392,'Silicon',0,77),(393,'2',1,78),(394,'0',0,78),(395,'1',0,78),(396,'3',0,78),(397,'4',0,78),(398,'5',0,78),(399,'Galileo Galilei',1,79),(400,'William Herschel',0,79),(401,'Edwin Hubble',0,79),(402,'Isaac Newton',0,79),(403,'Edmond Halley',0,79),(404,'70',1,80),(405,'15',0,80),(406,'33',0,80),(407,'115',0,80),(408,'0',0,80),(409,'3x A Day',1,81),(410,'Every 3 Days',0,81),(411,'30x A Day',0,81),(412,'Every 30 Days',0,81),(413,'Once A Day',0,81),(414,'Once A Month',0,81),(415,'50 Million',1,82),(416,'2,000',0,82),(417,'10 Trilion',0,82),(418,'2 Million',0,82),(419,'3 Billion',0,82),(420,'40 Billion',0,82),(421,'3,700 Miles',1,83),(422,'18 Miles',0,83),(423,'1,200 Feet',0,83),(424,'55,000 Miles',0,83),(425,'105,500 Miles',0,83),(426,'1,205,350 Miles',0,83),(427,'Asteroid',1,84),(428,'Dwarf Planet',0,84),(429,'Meteroid',0,84),(430,'Comet',0,84),(431,'30 hours',1,85),(432,'30 days',0,85),(433,'12.5 hours',0,85),(434,'46 minutes',0,85),(435,'11.5 minutes',0,85),(436,'3.85',1,86),(437,'308',0,86),(438,'138',0,86),(439,'3,085',0,86),(440,'30',0,86),(441,'1877',1,87),(442,'1103',0,87),(443,'1952',0,87),(444,'1955',0,87),(445,'1995',0,87),(446,'1877',1,88),(447,'1105',0,88),(448,'1049',0,88),(449,'1344',0,88),(450,'1501',0,88),(451,'Panic',1,89),(452,'Pain',0,89),(453,'Happiness',0,89),(454,'Love',0,89),(455,'Horror',0,89),(456,'Health',0,89),(457,'Fear',1,90),(458,'Horror',0,90),(459,'Happiness',0,90),(460,'Clarity',0,90),(461,'Health',0,90),(462,'Love',0,90),(463,'14,576',1,91),(464,'104,542',0,91),(465,'1,253',0,91),(466,'90,495',0,91),(467,'894,053',0,91),(468,'1,405,953',0,91),(469,'3 volcanoes',1,92),(470,'a lake',0,92),(471,'a moon',0,92),(472,'a storm',0,92),(473,'a rover',0,92),(474,'a crevas',0,92),(475,'Magaris Mons',1,93),(476,'Arsia Mons',0,93),(477,'Pavonis Mons',0,93),(478,'Ascreus Mons',0,93),(479,'2',1,94),(480,'0',0,94),(481,'1',0,94),(482,'4',0,94),(483,'8',0,94),(484,'Magnetic field',1,95),(485,'Sunspots',0,95),(486,'Polarity',0,95),(487,'Solar flares',0,95),(488,'Coronal mass ejections',0,95),(489,'High-speed solar wind',0,95),(490,'Solar energetic particles',0,95),(491,'Sunspots',1,96),(492,'Solar flares',0,96),(493,'Coronal loops',0,96),(494,'Coronal mass ejection',0,96),(495,' Prominences',0,96),(496,'Sunspots are lower in temperature',1,97),(497,'Sunspots are lower in polarity',0,97),(498,'Sunspots aren\'t darker',0,97),(499,'Sunspots are higher in temperature',0,97),(500,'Sunspots are higher in polarity',0,97),(501,'Umbra',1,98),(502,'Penubra',0,98),(503,'Antumbra',0,98),(504,'Pole',0,98),(505,'Granule',0,98),(506,'Penumbra',1,99),(507,'Umbra',0,99),(508,'Antumbra ',0,99),(509,'Pole',0,99),(510,'Granule',0,99),(511,'35.8 million',1,100),(512,'3.35 million',0,100),(513,'335.8 million',0,100),(514,'3,385 million',0,100),(515,'11.38 million',0,100),(516,'a',1,101),(517,'b',0,101),(518,'c',0,101),(519,'d',0,101),(520,'3rd',1,102),(521,'2nd',0,102),(522,'1st',0,102),(523,'4th',0,102),(524,'5th',0,102),(525,'6th',0,102),(526,'Mariner 4',1,103),(527,'Mars 1',0,103),(528,'Zond 2',0,103),(529,'Mariner 6',0,103),(530,'Pioneer 10',0,103),(531,'Vega 1',0,103),(532,'Voyager 2',0,103),(533,'India',1,104),(534,'Russia',0,104),(535,'U.S.A',0,104),(536,'Japan',0,104),(537,'Mexico',0,104),(538,'Canada',0,104),(539,'South Korea',0,104),(540,'Viking 2',1,105),(541,'Viking 1',0,105),(542,'Opportunity',0,105),(543,'Curiousity',0,105),(544,'Mars 2',0,105),(545,'Mars 3',0,105),(546,'Spirit',0,105),(547,'closest',1,106),(548,'furthest',0,106),(551,'furthest',1,107),(552,'closest',0,107),(555,'4',1,108),(556,'3',0,108),(557,'2',0,108),(558,'1',0,108),(559,'canyon',1,109),(560,'volcano',0,109),(561,'crater',0,109),(562,'rover',0,109),(563,'mountain',0,109),(564,'2,550',1,110),(565,'250',0,110),(566,'1,250',0,110),(567,'40,000',0,110),(568,'14,000',0,110),(569,'125',1,111),(570,'27',0,111),(571,'18',0,111),(572,'430',0,111),(573,'802',0,111),(574,'1,150',0,111),(575,'23,000 feet',1,112),(576,'56,000 feet',0,112),(577,'14 miles',0,112),(578,'55 miles',0,112),(579,'112 miles',0,112),(580,'6,500 feet',0,112),(581,'1,250 feet',0,112),(582,'Mariner 9',1,113),(583,'Mars 3',0,113),(584,'Phobos 2',0,113),(585,'Viking 1',0,113),(586,'Mars Global Surveyor',0,113),(587,'equator',1,114),(588,'north ice cap',0,114),(589,'south ice cap',0,114),(590,'northern hemisphere',0,114),(591,'southern hemisphere',0,114),(592,'crater',1,115),(593,'mountain',0,115),(594,'volcano',0,115),(595,'ice cap',0,115),(596,'rover',0,115),(597,'96',1,116),(598,'52',0,116),(599,'8',0,116),(600,'1,520',0,116),(601,'660',0,116),(602,'238',0,116),(603,'191',0,116),(604,'It spins differentially',1,117),(605,'As a solid body',0,117),(606,'Counter clockwise',0,117),(607,'Clockwise',0,117),(608,'Magnetic areas rotate opposite of gas areas',0,117),(609,'The equator',1,118),(610,'The Poles',0,118),(611,'Areas of heavy magnetism',0,118),(612,'Areas with sunspots',0,118),(613,'The core',0,118),(614,'3,760',1,119),(615,'1,100',0,119),(616,'64,205',0,119),(617,'115,205',0,119),(618,'25,150',0,119),(619,'225',1,120),(620,'105',0,120),(621,'425',0,120),(622,'85',0,120),(623,'608',0,120),(624,'388',0,120),(625,'243',1,121),(626,'56',0,121),(627,'2',0,121),(628,'1.8',0,121),(629,'12',0,121),(630,'82',0,121),(631,'True',1,122),(632,'False',0,122),(633,'True',1,123),(634,'False',0,123),(635,'Magnetic field lines',1,124),(636,'Polarity',0,124),(637,'Prominences',0,124),(638,'Flares',0,124),(639,'Coronal holes',0,124),(640,'6',1,125),(641,'18',0,125),(642,'2',0,125),(643,'41',0,125),(644,'102',0,125),(645,'.5',0,125),(646,'0',1,126),(647,'6',0,126),(648,'2',0,126),(649,'21',0,126),(650,'8',0,126),(651,'52',0,126),(652,'12',0,126),(653,'False',1,127),(654,'True',0,127),(655,'polarity',1,128),(656,'particles',0,128),(657,'field lines',0,128),(658,'solar cycle',0,128),(659,'rotation',0,128),(660,'cycle',0,128),(661,'flares',0,128),(662,'promimences',0,128),(663,'False',1,129),(664,'True',0,129),(665,'3',1,130),(666,'12',0,130),(667,'22',0,130),(668,'34',0,130),(669,'41',0,130),(670,'8',0,130),(671,'mountain',1,131),(672,'rover',0,131),(673,'crater',0,131),(674,'valley',0,131),(675,'20,000',1,132),(676,'1,200',0,132),(677,'88,550',0,132),(678,'102,330',0,132),(679,'45,550',0,132),(680,'8,034',0,132),(681,'solar magnetic field',1,133),(682,'solar activity',0,133),(683,'solar osillations',0,133),(684,'sunspot cycle',0,133),(685,'solar cycle',0,133),(686,'880',1,134),(687,'420',0,134),(688,'1,210',0,134),(689,'2,240',0,134),(690,'165',0,134),(691,'205',0,134),(692,'Aphrodite Terra',1,135),(693,'Melter Terra',0,135),(694,'Balaj Terra',0,135),(695,'Perial Terra',0,135),(696,'Morlin Terra',0,135),(697,'Gelgi Terra',0,135),(698,'Australia',1,136),(699,'Texas',0,136),(700,'China',0,136),(701,'Russia',0,136),(702,'Hawaii',0,136),(703,'South America',0,136),(704,'South America',1,137),(705,'Antarctica',0,137),(706,'Africa',0,137),(707,'North America',0,137),(708,'Australia',0,137),(709,'Russia',0,137),(710,'dense atmosphere',1,138),(711,'light atmosphere',0,138),(712,'dense clouds',0,138),(713,'thin clouds',0,138),(714,'magma surface',0,138),(715,'gaseous surface',0,138),(716,'11 years',1,139),(717,'22 years',0,139),(718,'6 years',0,139),(719,'2 years',0,139),(720,'50 years',0,139),(721,'100 years',0,139),(722,'22 years',1,140),(723,'11 years',0,140),(724,'6 years',0,140),(725,'2 years',0,140),(726,'50 years',0,140),(727,'100 yeas',0,140),(728,'noteworthy women',1,141),(729,'space explorers',0,141),(730,'distant galaxies',0,141),(731,'earth animals',0,141),(732,'spaceships',0,141),(733,'Love',1,142),(734,'Pain',0,142),(735,'Agony',0,142),(736,'Lust',0,142),(737,'Desire',0,142),(738,'Heat',0,142),(739,'Maunder minimum',1,143),(740,'RR Lyrae variable',0,143),(741,'Lagrangian point',0,143),(742,'MACHO period',0,143),(743,'sunspot isolation',0,143),(744,'0',1,144),(745,'2',0,144),(746,'4',0,144),(747,'5',0,144),(748,'6',0,144),(749,'7',0,144),(750,'False',1,145),(751,'True',0,145),(752,'active region ',1,146),(753,'solar region',0,146),(754,'inactive region',0,146),(755,'aurora region',0,146),(756,'radiation region',0,146),(757,'Matowski 2',1,147),(758,'Venus Express',0,147),(759,'Akatsuki',0,147),(760,'Venera 15',0,147),(761,'venera 16',0,147),(762,'Venus',1,148),(763,'Saturn',0,148),(764,'Mars',0,148),(765,'North Star',0,148),(766,'Space Station',0,148),(767,'2nd',1,149),(768,'1st',0,149),(769,'4th',0,149),(770,'5th',0,149),(771,'6th',0,149),(772,'7th',0,149),(773,'prominence',1,150),(774,'flare',0,150),(775,'coronal explosion',0,150),(776,'solar explosion ',0,150),(777,'neutrino oscillation',0,150),(778,'Venus',1,151),(779,'Mercury',0,151),(780,'Mars',0,151),(781,'Saturn',0,151),(782,'Jupiter',0,151),(783,'Neptune',0,151),(784,'Uranis',0,151),(785,'Akatsuki - this is false',1,152),(786,'Venus Express',0,152),(787,'Magellan',0,152),(788,'Venera 15',0,152),(789,'Venera 16',0,152),(790,'Venus Probe 12',0,152),(791,'2',1,153),(792,'24',0,153),(793,'12',0,153),(794,'6',0,153),(795,'48',0,153),(796,'.5',0,153),(797,'sulfuric acid ',1,154),(798,'rain',0,154),(799,'magma',0,154),(800,'fire',0,154),(801,'dust',0,154),(802,'ammonia',0,154),(803,'cast a shadow',1,155),(804,'give a sunburn',0,155),(805,'cause retinal damage',0,155),(806,'charge a solar device',0,155),(807,'2nd - no valid citation',1,156),(808,'1st',0,156),(809,'5th',0,156),(810,'7th',0,156),(811,'10th',0,156),(812,'14th',0,156),(813,'False',1,157),(814,'True',0,157),(815,'most - no valid citation',1,158),(816,'2nd most',0,158),(817,'3rd most',0,158),(818,'least',0,158),(819,'96',1,159),(820,'100',0,159),(821,'50',0,159),(822,'75',0,159),(823,'88',0,159),(824,'20',0,159),(825,'90',1,160),(826,'50',0,160),(827,'25',0,160),(828,'1/2',0,160),(829,'12',0,160),(830,'75',0,160),(831,'100',0,160),(832,'120',0,160),(833,'869',1,161),(834,'75',0,161),(835,'2,305',0,161),(836,'1,430',0,161),(837,'408',0,161),(838,'212',0,161),(839,'thick clouds',1,162),(840,'distance from earth',0,162),(841,'size',0,162),(842,'orbital path',0,162),(843,'moons',0,162),(844,'65',1,163),(845,'20',0,163),(846,'40',0,163),(847,'80',0,163),(848,'100',0,163),(849,'flare',1,164),(850,'prominence',0,164),(851,'coronal hole',0,164),(852,'solar spicule',0,164),(853,'hydrostatic burst',0,164),(854,' filament ',0,164),(855,'corona',0,164),(856,'volcanoes',1,165),(857,'comets',0,165),(858,'asteroids',0,165),(859,'water',0,165),(860,'ice',0,165),(861,'pressure',0,165),(862,'coronal mass ejection',1,166),(863,'coronal hole',0,166),(864,'prominence',0,166),(865,'flare',0,166),(866,'nuclear explosion',0,166),(867,'nuclear force',0,166),(868,'coronal holes',1,167),(869,'black holes',0,167),(870,'white holes',0,167),(871,'worm holes',0,167),(872,'solar disks',0,167),(873,'active coronas',0,167),(874,'True',1,168),(875,'False',0,168),(876,'energy output',1,169),(877,'size',0,169),(878,'mass',0,169),(879,'solar output',0,169),(880,'active regions',0,169),(881,'polarity',0,169),(882,'temperature index ',0,169),(883,'sunspots',0,169),(884,'Nuclear fusion ',1,170),(885,'Deuteron chain',0,170),(886,'Proton-proton chain',0,170),(887,'Nuclear force',0,170),(888,'Positron phase',0,170),(889,'Nutrino fusion ',0,170),(890,'Nutrino Oscillations',0,170),(891,'Ashen Light',1,171),(892,'Dark Light',0,171),(893,'Day Night',0,171),(894,'Bright Night',0,171),(895,'Glowing Night',0,171),(896,'True - no valid citation',1,172),(897,'False',0,172),(898,'Sister Planet',1,173),(899,'Brother Planet',0,173),(900,'Twin Planet',0,173),(901,'Anti Planet',0,173),(902,'Partner Planet',0,173),(903,'3,000',1,174),(904,'350',0,174),(905,'10,000',0,174),(906,'12,500',0,174),(907,'105,500',0,174),(908,'8,150',0,174),(909,'weaker',1,175),(910,'greater',0,175),(911,'1962',1,176),(912,'1890',0,176),(913,'1931',0,176),(914,'1991',0,176),(915,'2004',0,176),(916,'1982',1,177),(917,'1991',0,177),(918,'1968',0,177),(919,'2001',0,177),(920,'2017',0,177),(921,'1952',0,177),(922,'Mexico',1,178),(923,'Russia',0,178),(924,'United States',0,178),(925,'Japan',0,178),(926,'Mariner 10',1,179),(927,'Mariner 2',0,179),(928,'Venera',0,179),(929,'Cassini-Huygens',0,179),(930,'MESSENGER',0,179),(931,'Magellan',0,179),(932,'Venera 4',1,180),(933,'Venera 3',0,180),(934,'Tyazely Sputnik',0,180),(935,'2M-1 No.2',0,180),(936,'Kosmos 27',0,180),(937,'Zond 1',0,180),(938,'22',1,181),(939,'201',0,181),(940,'2018',0,181),(941,'14,025',0,181),(942,'12,110',0,181),(943,'88',0,181),(944,'False',1,182),(945,'True',0,182),(946,'runaway',1,183),(947,'evaporative',0,183),(948,'anti',0,183),(949,'no',0,183),(950,'little',0,183),(951,'300-600',1,184),(952,'600-700',0,184),(953,'200-400',0,184),(954,'100-200',0,184),(955,'700-900',0,184),(956,'24',1,185),(957,'3',0,185),(958,'6',0,185),(959,'12',0,185),(960,'48',0,185),(961,'5th',1,186),(962,'1st',0,186),(963,'2nd',0,186),(964,'8th',0,186),(965,'10th',0,186),(966,'3rd',0,186),(967,'Mars',1,187),(968,'Venus',0,187),(969,'Jupiter',0,187),(970,'Sun',0,187),(971,'Texas',0,187),(972,'27',1,188),(973,'20',0,188),(974,'35',0,188),(975,'48',0,188),(976,'66',0,188),(977,'239,000',1,189),(978,'115,000',0,189),(979,'380,000',0,189),(980,'643,350',0,189),(981,'1,045,390',0,189),(982,'87,050',0,189),(983,'27',1,190),(984,'35',0,190),(985,'21',0,190),(986,'12',0,190),(987,'45',0,190),(988,'51',0,190),(989,'False',1,191),(990,'True',0,191),(991,'842',1,192),(992,'120',0,192),(993,'1,150',0,192),(994,'300',0,192),(995,'1,850',0,192),(996,'True',1,193),(997,'False',0,193),(998,'1967',1,194),(999,'1842',0,194),(1000,'2004',0,194),(1001,'1991',0,194),(1002,'1931',0,194),(1003,'2009',1,195),(1004,'1991',0,195),(1005,'1998',0,195),(1006,'2018',0,195),(1007,'1982',0,195),(1008,'1961',0,195),(1009,'Luna 16',1,196),(1010,'Luna 1',0,196),(1011,'Apollo 11',0,196),(1012,'Apollo 8',0,196),(1013,'Apollo 11',1,197),(1014,'Apollo 9',0,197),(1015,'Apollo 13',0,197),(1016,'Luna 9',0,197),(1017,'Luna 1',0,197),(1018,'Luna 7',0,197),(1019,'Neil Armstrong',1,198),(1020,'Edwin Aldrin',0,198),(1021,'Alan Bean',0,198),(1022,'Alan Shepard',0,198),(1023,'Charles Conrad',0,198),(1024,'Pete Conrad',0,198),(1025,'1959',1,199),(1026,'1930',0,199),(1027,'1991',0,199),(1028,'2012',0,199),(1029,'1988',0,199),(1030,'1938',0,199),(1031,'1,079',1,200),(1032,'2241',0,200),(1033,'730',0,200),(1034,'230',0,200),(1035,'2,282',0,200),(1036,'synchronous rotation',1,201),(1037,'harmonious rotation',0,201),(1038,'synergistic rotation',0,201),(1039,'equivalent rotation',0,201),(1040,'lateral rotation',0,201),(1041,'synchronous rotation',1,202),(1042,'harmonious rotation',0,202),(1043,'synergistic rotation',0,202),(1044,'equivalent rotation',0,202),(1045,'lateral rotation',0,202),(1046,'True',1,203),(1047,'False',0,203),(1048,'False',1,204),(1049,'True',0,204),(1050,'highlands',1,205),(1051,'maria',0,205),(1052,'lightlands',0,205),(1053,'basins',0,205),(1054,'oceans',0,205),(1055,'maria',1,206),(1056,'highlands',0,206),(1057,'oceans',0,206),(1058,'darklands',0,206),(1059,'bed crust',0,206),(1060,'lava',1,207),(1061,'space dust',0,207),(1062,'asteroid crumbs',0,207),(1063,'nothing',0,207),(1064,'plasma',0,207),(1065,'lunar regolith',1,208),(1066,'lunar dust',0,208),(1067,'space dust',0,208),(1068,'lunar ash',0,208),(1069,'volcanic dust',0,208),(1070,'megaregolith',1,209),(1071,'lunar bedrock',0,209),(1072,'lunar rockbed',0,209),(1073,'lunar crust',0,209),(1074,'moon rock',0,209),(1075,'1/6',1,210),(1076,'1/2',0,210),(1077,'1/4',0,210),(1078,'1/8',0,210),(1079,'1/16',0,210),(1080,'6.68',1,211),(1081,'12.34',0,211),(1082,'24.44',0,211),(1083,'2.12',0,211),(1084,'45.06',0,211),(1085,'1.21',0,211),(1086,'1',1,212),(1087,'2',0,212),(1088,'3',0,212),(1089,'4',0,212),(1090,'5',0,212),(1091,'6',0,212),(1092,'2',1,213),(1093,'1',0,213),(1094,'3',0,213),(1095,'4',0,213),(1096,'5',0,213),(1097,'6',0,213),(1098,'3',1,214),(1099,'1',0,214),(1100,'2',0,214),(1101,'4',0,214),(1102,'5',0,214),(1103,'6',0,214),(1104,'9',1,215),(1105,'1',0,215),(1106,'3',0,215),(1107,'5',0,215),(1108,'7',0,215),(1109,'6',0,215),(1110,'Project Horizon',1,216),(1111,'Project Lunar',0,216),(1112,'Project Moon',0,216),(1113,'Lunar Post',0,216),(1114,'U.S. Lunar Post',0,216),(1115,'Lunex',0,216),(1116,'Lunex',1,217),(1117,'Project Horizon',0,217),(1118,'Project Lunar',0,217),(1119,'Project Moon',0,217),(1120,'U.S. Lunar Post',0,217),(1121,'Lunar Post',0,217),(1122,'John F. Kennedy',1,218),(1123,'Richard Nixon',0,218),(1124,'Lyndon B. Johnson',0,218),(1125,'Dwight D. Eisenhower',0,218),(1126,'Gerald Ford',0,218),(1127,'Harry S. Truman',0,218),(1128,'Lunar Orbiter',1,219),(1129,'Ranger',0,219),(1130,'Falcon',0,219),(1131,'Harpor',0,219),(1132,'Surveyor',0,219),(1133,'Law of conservation of mass and energy',1,220),(1134,'Law of constant motion ',0,220),(1135,'Law of nuclear force',0,220),(1136,'Einstein\'s Mass-Energy Equation',0,220),(1137,'Faraday\'s first law of electromagnetic induction',0,220),(1138,'Wave-Particle Duality',0,220),(1139,'Hydrogen',1,221),(1140,'Helium',0,221),(1141,'Oxygen',0,221),(1142,'Carbon',0,221),(1143,'Nitrogen',0,221),(1144,'Silicon',0,221),(1145,'Magnesium',0,221),(1146,'Iron',0,221),(1147,'4.5 billion years',1,222),(1148,'4.5 million years',0,222),(1149,'10 billion years',0,222),(1150,'10 million years',0,222),(1151,'100 million years',0,222),(1152,'1 billion years',0,222),(1153,'Yellow Dwarf',1,223),(1154,'Orange Dwarf',0,223),(1155,'Red Dwarf Stars',0,223),(1156,'Brown Dwarfs',0,223),(1157,'Blue Giant',0,223),(1158,'Red Giant',0,223),(1159,'Red Supergiant',0,223),(1160,'White Dwarfs',0,223),(1161,'Black Dwarfs',0,223),(1162,'Neutron Star',0,223),(1163,'Sun',1,224),(1164,'Milky Way Galaxy ',0,224),(1165,'Earth',0,224),(1166,'Universe',0,224),(1167,'Moon',0,224),(1168,'Mercury and Venus',1,225),(1169,'Mercury',0,225),(1170,'Venus',0,225),(1171,'Saturn and Venus',0,225),(1172,'Neptune',0,225),(1173,'Jupiter and Mercury',0,225),(1174,'Pluto',0,225),(1175,'8',1,226),(1176,'5',0,226),(1177,'9',0,226),(1178,'10',0,226),(1179,'15',0,226),(1180,'5',1,227),(1181,'8',0,227),(1182,'9',0,227),(1183,'10',0,227),(1184,'15',0,227),(1185,'3',0,227),(1186,'Apollo',0,219),(1187,'Ranger',1,228),(1188,'Lunar Orbiter',0,228),(1189,'Apollo',0,228),(1190,'Falcon',0,228),(1191,'Harpor',0,228),(1192,'Surveyor',0,228),(1193,'counterclockwise',1,229),(1194,'clockwise',0,229),(1195,'retrograde',0,229),(1196,'metrograde',0,229),(1197,'Venus, Mars, Earth and Mercury',1,230),(1198,'Venus, Mars, Earth and Jupiter',0,230),(1199,'Venus, Saturn, Earth and Mercury',0,230),(1200,'Neptune, Mars, Earth and Mercury',0,230),(1201,'Venus, Mars, Earth and Pluto',0,230),(1202,'Hiten',1,231),(1203,'Hayabusa 2',0,231),(1204,'SELENE',0,231),(1205,'Geotail',0,231),(1206,'SELENE-2',0,231),(1207,'Saturn, Jupiter, Neptune and Uranus',1,232),(1208,'Saturn, Jupiter, Neptune and Pluto',0,232),(1209,'Earth, Jupiter, Neptune and Uranus',0,232),(1210,'Saturn, Mars, Neptune and Uranus',0,232),(1211,'Saturn, Jupiter, Venus and Uranus',0,232),(1212,'Saturn, Jupiter, Neptune and Mercury',0,232),(1213,'Kuiper Belt',1,233),(1214,'Planck Curve',0,233),(1215,'Newtonian Belt',0,233),(1216,'Lyman-alpha forest',0,233),(1217,'Galilean Belt',0,233),(1218,'Encke Gap',0,233),(1219,'400',1,234),(1220,'10',0,234),(1221,'0',0,234),(1222,'2,500',0,234),(1223,'16',1,235),(1224,'25',0,235),(1225,'50',0,235),(1226,'75',0,235),(1227,'3',0,235),(1228,'lunar eclipse',1,236),(1229,'solar eclipse',0,236),(1230,'total eclipse',0,236),(1231,'partial eclipse',0,236),(1232,'solar eclipse',1,237),(1233,'lunar eclipse',0,237),(1234,'total eclipse',0,237),(1235,'partial eclipse',0,237),(1236,'True',1,238),(1237,'False',0,238),(1238,'False',1,239),(1239,'True',0,239),(1240,'Scotland',1,240),(1241,'South Africa',0,240),(1242,'North America',0,240),(1243,'South America',0,240),(1244,'Japan',0,240),(1245,'False',1,241),(1246,'True',0,241),(1247,'counterclockwise',1,242),(1248,'clockwise',0,242),(1249,'189',1,243),(1250,'50',0,243),(1251,'496',0,243),(1252,'9',0,243),(1253,'985',0,243),(1254,'643',0,243),(1255,'blue moon',1,244),(1256,'recurring moon',0,244),(1257,'second moon',0,244),(1258,'double moon',0,244),(1259,'twin moon',0,244),(1260,'sister moon',0,244),(1261,'February',1,245),(1262,'January',0,245),(1263,'All the above',1,246),(1264,'Asteroids',0,246),(1265,'Meteoroids',0,246),(1266,'Comets',0,246),(1267,'1969',1,247),(1268,'2001',0,247),(1269,'1991',0,247),(1270,'1942',0,247),(1271,'1931',0,247),(1272,'1892',0,247),(1273,'False',1,248),(1274,'True',0,248),(1275,'12',1,249),(1276,'1',0,249),(1277,'Oort Cloud',1,250),(1278,'Kuiper Belt',0,250),(1279,'Heliosphere',0,250),(1280,'Asteroid Belt',0,250),(1281,'Heliopause',0,250),(1282,'781,692',1,251),(1283,'555,230',0,251),(1284,'135,000',0,251),(1285,'1,300,550',0,251),(1286,'3,535',1,252),(1287,'569',0,252),(1288,'10,358',0,252),(1289,'5,167',0,252),(1290,'15,376',0,252),(1291,'1st',1,253),(1292,'2nd',0,253),(1293,'3rd',0,253),(1294,'4th',0,253),(1295,'5th',0,253),(1296,'6th',0,253),(1297,'7th',0,253),(1298,'8th',0,253),(1299,'True',1,254),(1300,'False',0,254),(1301,'False',1,255),(1302,'True',0,255),(1303,'59',1,256),(1304,'102',0,256),(1305,'242',0,256),(1306,'8',0,256),(1307,'501',0,256),(1308,'13',0,256),(1309,'88',1,257),(1310,'250',0,257),(1311,'13',0,257),(1312,'4',0,257),(1313,'162',0,257),(1314,'203',0,257),(1315,'301',0,257),(1316,'176',1,258),(1317,'101',0,258),(1318,'242',0,258),(1319,'501',0,258),(1320,'13',0,258),(1321,'88',0,258),(1322,'42',0,258),(1323,'False',1,259),(1324,'True',0,259),(1325,'0',1,260),(1326,'1',0,260),(1327,'2',0,260),(1328,'4',0,260),(1329,'6',0,260),(1330,'7',0,260),(1331,'9',0,260),(1332,'11',0,260),(1333,'0',1,261),(1334,'1',0,261),(1335,'3',0,261),(1336,'4',0,261),(1337,'7',0,261),(1338,'9',0,261),(1339,'11',0,261),(1340,'14',0,261),(1341,'800',1,262),(1342,'505',0,262),(1343,'120',0,262),(1344,'40',0,262),(1345,'1,250',0,262),(1346,'1,800',0,262),(1347,'-290',1,263),(1348,'-430',0,263),(1349,'-105',0,263),(1350,'-40',0,263),(1351,'-80',0,263),(1352,'-550',0,263),(1353,'2',1,264),(1354,'0',0,264),(1355,'40',0,264),(1356,'55',0,264),(1357,'18',0,264),(1358,'32',0,264),(1359,'24',0,264),(1360,'3,032',1,265),(1361,'1,203',0,265),(1362,'901',0,265),(1363,'442',0,265),(1364,'2,042',0,265),(1365,'1,516',0,265),(1366,'the Earth to Sun',1,266),(1367,'the diameter of Earth',0,266),(1368,'the Sun to Pluto',0,266),(1369,'the diameter of the Sun',0,266),(1370,'The Earth to the Moon',0,266),(1371,'29',1,267),(1372,'34',0,267),(1373,'42',0,267),(1374,'50',0,267),(1375,'18',0,267),(1376,'12',0,267),(1377,'43 ',1,268),(1378,'48',0,268),(1379,'22',0,268),(1380,'31',0,268),(1381,'52',0,268),(1382,'True',1,269),(1383,'False',0,269),(1384,'2',1,270),(1385,'12',0,270),(1386,'24',0,270),(1387,'48',0,270),(1388,'8',0,270),(1389,'1st',1,271),(1390,'2nd',0,271),(1391,'3rd',0,271),(1392,'4th',0,271),(1393,'5th',0,271),(1394,'6th',0,271),(1395,'7th',0,271),(1396,'8th',0,271),(1397,'Exosphere',1,272),(1398,'Atmosphere',0,272),(1399,'transit',1,273),(1400,'passthrough',0,273),(1401,'passing',0,273),(1402,'blocker',0,273),(1403,'mid-view',0,273),(1404,'13',1,274),(1405,'4',0,274),(1406,'2',0,274),(1407,'18',0,274),(1408,'42',0,274),(1409,'51',0,274),(1410,'Mariner 10',1,275),(1411,'MESSENGER',0,275),(1412,'Mercury Explorer',0,275),(1413,'Mercurer',0,275),(1414,'MESSENGER',1,276),(1415,'Mariner 10',0,276),(1416,'Mercury Explorer',0,276),(1417,'Mercurer',0,276),(1418,'BepiColombo',1,277),(1419,'Mariner 11',0,277),(1420,'MESSENGER 2',0,277),(1421,'Mecurer 2',0,277),(1422,'Mercury Explorer 2',0,277),(1423,'1631',1,278),(1424,'1942',0,278),(1425,'1034',0,278),(1426,'1215',0,278),(1427,'1886',0,278),(1428,'1991',0,278),(1429,'2004',0,278),(1430,'False',1,279),(1431,'True',0,279),(1432,'True',1,280),(1433,'False',0,280),(1434,'230 million years ',1,281),(1435,'10 million years ',0,281),(1436,'550 million years ',0,281),(1437,'52 million years',0,281),(1438,'100 million years',0,281),(1439,'515,000 mph',1,282),(1440,'1,515,000 mph',0,282),(1441,'151,000 mph',0,282),(1442,'1,000,000 mph',0,282),(1443,'Light year',1,283),(1444,'Parsec',0,283),(1445,'Astronomical Unit',0,283),(1446,'Arcsecond',0,283),(1447,'Kiloparsecs',0,283),(1448,'Megaparsecs',0,283),(1449,'parsec',1,284),(1450,'light year ',0,284),(1451,'Megaparsecs',0,284),(1452,'kiloparsecs',0,284),(1453,'Astronomical Unit',0,284),(1454,'spiral galaxy',1,285),(1455,'elliptical galaxy',0,285),(1456,'irregular galaxy',0,285),(1457,'obtuse galaxy ',0,285),(1458,'dwarf irregular galaxy',0,285),(1459,'rings',1,286),(1460,'a solid surface',0,286),(1461,'a Great Red Spot',0,286),(1462,'a Great Dark Spot ',0,286),(1463,'test',1,287),(1464,'test',0,287),(1465,'test',0,287),(1466,'True',1,288),(1467,'False',0,288),(1468,'Apollo',1,289),(1469,'Luna',0,289),(1470,'Lunokhod',0,289),(1471,'Ranger',0,289),(1472,'Surveyor',0,289),(1473,'Orbiter',0,289),(1474,'Outgassing',1,290),(1475,'Gas radiation',0,290),(1476,'Gas Vacuum',0,290),(1477,'Micro-Loss',0,290),(1478,'Gas Reduction',0,290),(1479,'6',0,249),(1480,'22',0,249),(1481,'41',0,249),(1482,'May',0,245),(1483,'September',0,245),(1484,'July',0,245),(1485,'December',0,245),(1486,'November',0,245),(1487,'Ireland',0,240),(1488,'1,450',0,234),(1489,'10,100',0,234),(1490,'365 Earth Days',1,291),(1491,'225 Earth Days',0,291),(1492,'88 Earth Days',0,291),(1493,'687 Earth Days',0,291),(1494,'10,759 Earth Days',0,291),(1495,'third',1,292),(1496,'fourth',0,292),(1497,'second',0,292),(1498,'first',0,292),(1499,'fifth',0,292),(1500,'fifth ',1,293),(1501,'fourth',0,293),(1502,'third',0,293),(1503,'second',0,293),(1504,'first',0,293),(1505,'sixth ',0,293),(1506,'seventh',0,293),(1507,'Terrestrial Planets',1,294),(1508,'Jovian Planets',0,294),(1509,'Gas Giants',0,294),(1510,'Globular Cluster',0,294),(1511,'Local Group',0,294),(1512,'Concentration Class',0,294),(1513,'About 1,000 years old',1,295),(1514,'About 10,000 years old ',0,295),(1515,'About 2,018 years old',0,295),(1516,'About 5,000 years old ',0,295),(1517,'False',1,296),(1518,'True',0,296),(1519,'True',1,297),(1520,'False',0,297),(1521,'the ground',1,298),(1522,'life',0,298),(1523,'rock and metal',0,298),(1524,'liquid water',0,298),(1525,'1',1,299),(1526,'2',0,299),(1527,'3',0,299),(1528,'Doesn\'t have a moon',0,299),(1529,'1 AU ',1,300),(1530,'10 AU',0,300),(1531,'20 AU',0,300),(1532,'50 AU ',0,300),(1533,'Distance from the Sun to Earth',1,301),(1534,'Distance from the Outer Rim to Earth',0,301),(1535,'4,000 miles',0,301),(1536,'1,000,000 miles',0,301),(1537,'93 million miles',1,302),(1538,'50 million miles',0,302),(1539,'156 million miles',0,302),(1540,'200 million miles',0,302),(1541,'8 minutes',1,303),(1542,'2 minutes',0,303),(1543,'20 minutes ',0,303),(1544,'60 minutes',0,303),(1545,'23.9 hours',1,304),(1546,'50 hours',0,304),(1547,'27 hours',0,304),(1548,'34 hours',0,304),(1549,'365.25 days',1,305),(1550,'233.5 days',0,305),(1551,'395.75 days',0,305),(1552,'288.25 days',0,305),(1553,'axis of rotation is tilted',1,306),(1554,'axis of rotation is 98 degrees',0,306),(1555,'axis of rotation is stright',0,306),(1556,'axis of rotation is upside down',0,306),(1557,'Summer',1,307),(1558,'Spring',0,307),(1559,'Winter',0,307),(1560,'Fall',0,307),(1561,'Winter',1,308),(1562,'Spring',0,308),(1563,'Summer',0,308),(1564,'Fall',0,308),(1565,'Galaxy',0,224),(1566,'4',1,309),(1567,'3',0,309),(1568,'5',0,309),(1569,'6',0,309),(1570,'Inner core',1,310),(1571,'Outer core',0,310),(1572,'Mantle',0,310),(1573,'Crust',0,310),(1574,'Crust',1,311),(1575,'Inner core',0,311),(1576,'Outer core',0,311),(1577,'Mantle',0,311),(1578,'Ground',0,311),(1579,'9,800 degrees Fahrenheit',1,312),(1580,'15,600 degrees Fahrenheit',0,312),(1581,'5,800 degrees Fahrenheit',0,312),(1582,'21,300 degrees Fahrenheit',0,312),(1583,'13,800 degrees Fahrenheit',0,312),(1584,'Mantle',1,313),(1585,'Crust',0,313),(1586,'Inner core',0,313),(1587,'Outer core',0,313),(1588,'Crust',1,314),(1589,'Mantle',0,314),(1590,'Inner core ',0,314),(1591,'Outer core',0,314),(1592,'True',1,315),(1593,'False',0,315),(1594,'70%',1,316),(1595,'50%',0,316),(1596,'85%',0,316),(1597,'65%',0,316),(1598,'True',1,317),(1599,'False',0,317),(1600,'True',1,318),(1601,'False',0,318),(1602,'Nitrogen',1,319),(1603,'Oxygen',0,319),(1604,'Argon',0,319),(1605,'Carbon dioxide ',0,319),(1606,'Helium',0,319),(1607,'Krypton',0,319),(1608,'True',1,320),(1609,'False',0,320),(1610,'True',1,321),(1611,'False',0,321),(1612,'True',1,322),(1613,'False',0,322),(1614,'Aurorae',1,323),(1615,'Polarity change',0,323),(1616,'Tornadoes',0,323),(1617,'Our atmosphere',0,323),(1618,'Magnetosphere',1,324),(1619,'Hydrosphere',0,324),(1620,'Atmosphere',0,324),(1621,'Surface gravity ',0,324),(1622,'Tides',1,325),(1623,'Tidal force',0,325),(1624,'Tidal bulge',0,325),(1625,'Tidally locked ',0,325),(1626,'Spring tides',1,326),(1627,'Neap tides',0,326),(1628,'Summer tides',0,326),(1629,'Rip tides',0,326),(1630,'Ture',1,327),(1631,'False',0,327),(1632,'Troposphere',1,328),(1633,'Stratosphere',0,328),(1634,'Mesosphere',0,328),(1635,'Ionosphere',0,328),(1636,'False',1,329),(1637,'True',0,329),(1638,'Troposphere',1,330),(1639,'Mesosphere',0,330),(1640,'Ionosphere',0,330),(1641,'Stratosphere',0,330),(1642,'True',1,331),(1643,'False',0,331),(1644,'Stratosphere',1,332),(1645,'Troposphere',0,332),(1646,'Ionosphere',0,332),(1647,'Mesosphere',0,332),(1648,'True',1,333),(1649,'False',0,333),(1650,'greenhouse effect',1,334),(1651,'solar interior ',0,334),(1652,'ozone layer',0,334),(1653,'stratosphere',0,334),(1654,'True',1,335),(1655,'False',0,335),(1656,'False',1,336),(1657,'True',0,336),(1658,'15 km',1,337),(1659,'5 km',0,337),(1660,'25 km',0,337),(1661,'50 km',0,337),(1662,'True',1,338),(1663,'False',0,338),(1664,'True',1,339),(1665,'False',0,339),(1666,'The continential drift',1,340),(1667,'plate tectonics',0,340),(1668,'Pangaea',0,340),(1669,'The Californian Fault ',0,340),(1670,'Plate tectonics',1,341),(1671,'Continental drift',0,341),(1672,'Geology',0,341),(1673,'Natural science',0,341),(1674,'Pangaea',1,342),(1675,'Maria',0,342),(1676,'Terrae',0,342),(1677,'The Highlands',0,342),(1678,'All lands',1,343),(1679,'One land',0,343),(1680,'The land',0,343),(1681,'Highlands ',0,343),(1682,'It must be spherical ',1,344),(1683,'It must orbit a star ',0,344),(1684,'It must be big enough to have enough gravity to force it into a spherical shape',0,344),(1685,'It must be big enough that its gravity cleared away any other objects of a similar size near its orbit around the Sun',0,344),(1686,'24',1,345),(1687,'55',0,345),(1688,'11',0,345),(1689,'36',0,345),(1690,'300',1,346),(1691,'1000',0,346),(1692,'200',0,346),(1693,'600',0,346),(1694,'False',1,347),(1695,'True',0,347),(1696,'True',1,348),(1697,'False',0,348),(1698,'Binary star system',1,349),(1699,'Multi-star system',0,349),(1700,'Two star system',0,349),(1701,'Star pair system ',0,349),(1702,'Multi-star system',1,350),(1703,'Binary star system',0,350),(1704,'Star pair system ',0,350),(1705,'Three star system',0,350),(1706,'Outer spiral arm',1,351),(1707,'Disk ',0,351),(1708,'Buldge',0,351),(1709,'Halo',0,351),(1710,'Inner spiral arm',0,351),(1711,'True',1,352),(1712,'False',0,352),(1713,'True',1,353),(1714,'False',0,353),(1715,'Norma',1,354),(1716,'Scutum-Centaurus',0,354),(1717,'Perseus',0,354),(1718,'Caltech',0,354),(1719,'Orion Arm',1,355),(1720,'Sagittarius Arm',0,355),(1721,'Perseus Arm',0,355),(1722,'Scutum-Centaurus Arm',0,355),(1723,'Norma Arm',0,355),(1724,'Cloud ',1,356),(1725,'Star',0,356),(1726,'Debris ',0,356),(1727,'Light ',0,356),(1728,'Nebular Theory',1,357),(1729,'Condensation Theory',0,357),(1730,'Big Bang Theory',0,357),(1731,'Theory of Relativity ',0,357),(1732,'Mars and Jupiter',1,358),(1733,'Earth and Mars',0,358),(1734,'Jupiter and Saturn',0,358),(1735,'Saturn and Uranus ',0,358),(1736,'Near Earth Objects',1,359),(1737,'Neat Earth Objects ',0,359),(1738,'New Earth Objects',0,359),(1739,'Near Elliptical Orbit ',0,359),(1740,'New Elliptical Orbit',0,359),(1741,'The Sun',1,360),(1742,'Juipter',0,360),(1743,'The solar systems atmophere',0,360),(1744,'Earth',0,360),(1745,'Space',0,360),(1746,'Heliosphere',1,361),(1747,'Heliopause',0,361),(1748,'Halo',0,361),(1749,'Bow Shock',0,361),(1750,'Termination Shock',0,361),(1751,'Proxima Centauri',1,362),(1752,'Alpha Centauri A',0,362),(1753,'Alpha Centauri B',0,362),(1754,'Polaris',0,362),(1755,'Sirius',0,362),(1756,'Alpha Centauri ',1,363),(1757,'Beta Centauri',0,363),(1758,'Epsilon Eridani',0,363),(1759,'91 Aquarii',0,363),(1760,'69.5',0,60),(1761,'609',0,60),(1762,'Mariner 7',0,67),(1763,'8,045',0,119),(1764,'Accretion',1,364),(1765,'Planetesimals',0,364),(1766,'Protoplanets',0,364),(1767,'Fragmentation',0,364),(1768,'Condensation',0,364),(1769,'Planetesimals ',1,365),(1770,'Accretion',0,365),(1771,'Protoplanets',0,365),(1772,'Fragmentation',0,365),(1773,'Condensation',0,365),(1774,'Protoplanets',1,366),(1775,'Accretion',0,366),(1776,'Planetesimals',0,366),(1777,'Fragmentation',0,366),(1778,'Condensation',0,366),(1779,'Fragmentation',1,367),(1780,'Protoplanets',0,367),(1781,'Accretion',0,367),(1782,'Planetesimals',0,367),(1783,'Condensation',0,367),(1784,'the protosun',1,368),(1785,'the protostar',0,368),(1786,'the protoplanets',0,368),(1787,'a circumsteller disk ',0,368),(1788,'fifth',1,369),(1789,'sixth',0,369),(1790,'fourth',0,369),(1791,'seventh',0,369),(1792,'third',0,369),(1793,'True',1,370),(1794,'False',0,370),(1795,'storm ',1,371),(1796,'volcano ',0,371),(1797,'ocean',0,371),(1798,'crater ',0,371),(1799,'79',1,372),(1800,'10',0,372),(1801,'154',0,372),(1802,'100',0,372),(1803,'ancient Roman gods',1,373),(1804,'planets',0,373),(1805,'solar system',0,373),(1806,'universe',0,373),(1807,'Gas giant',1,374),(1808,'Gas dwarf',0,374),(1809,'Terrestrial planet',0,374),(1810,'Ice giant',0,374),(1811,'43,000',1,375),(1812,'10,000',0,375),(1813,'123,000',0,375),(1814,'5,000',0,375),(1815,'5.2',1,376),(1816,'1',0,376),(1817,'10',0,376),(1818,'21.3',0,376),(1819,'True',1,377),(1820,'False',0,377),(1821,'sunlight',1,378),(1822,'aliens',0,378),(1823,'rockets',0,378),(1824,'space debris',0,378),(1825,'10 hours',1,379),(1826,'24 hours',0,379),(1827,'1 Earth day',0,379),(1828,'54 Earth days ',0,379),(1829,'12 Earth years',1,380),(1830,'1 Earth year',0,380),(1831,'365 Earth days',0,380),(1832,'21 Earth years ',0,380),(1833,'spins nearly upright',1,381),(1834,'has extreme seasonal changes',0,381),(1835,'is hotter',0,381),(1836,'is colder',0,381),(1837,'True',1,382),(1838,'False',0,382),(1839,'ocean',1,383),(1840,'mountain',0,383),(1841,'crater',0,383),(1842,'volcano ',0,383),(1843,'False',1,384),(1844,'True ',0,384),(1845,'True ',1,385),(1846,'False',0,385),(1847,'rings',1,386),(1848,'a surface',0,386),(1849,'life',0,386),(1850,'a Great Red Spot',0,386),(1851,'79 known moons',0,386),(1852,'two',1,387),(1853,'seven',0,387),(1854,'nine',0,387),(1855,'zero',0,387),(1856,'fifteen',0,387),(1857,'Juno',1,388),(1858,'Voyager 1',0,388),(1859,'Pioneer 5',0,388),(1860,'New Horizons',0,388),(1861,'Mariner 1',0,388),(1862,'44 miles',1,389),(1863,'130 miles',0,389),(1864,'5 miles',0,389),(1865,'100 miles',0,389),(1866,'400',1,390),(1867,'250',0,390),(1868,'650',0,390),(1869,'100',0,390),(1870,'True ',1,391),(1871,'False',0,391),(1872,'False ',1,392),(1873,'True',0,392),(1874,'solar system',1,393),(1875,'universe',0,393),(1876,'star',0,393),(1877,'planet',0,393),(1878,'Galileo Galilei ',1,394),(1879,'Stephen Hawking',0,394),(1880,'Albert Einstein',0,394),(1881,'Johannes Kepler',0,394),(1882,'Galilean satellites ',1,395),(1883,'Kepler 5',0,395),(1884,'Big Four',0,395),(1885,'Newtonian moons',0,395),(1886,'volcanically ',1,396),(1887,'solar ',0,396),(1888,'atomically ',0,396),(1889,'empirically ',0,396),(1890,'liquid-water ocean',1,397),(1891,'sedimentary rocks',0,397),(1892,'mountain range',0,397),(1893,'chain of islands ',0,397),(1894,'True',1,398),(1895,'False ',0,398),(1896,'False',1,399),(1897,'True ',0,399),(1898,'string of pearls',1,400),(1899,'marshmallows ',0,400),(1900,'snow balls ',0,400),(1901,'snow flakes ',0,400),(1902,'True',1,401),(1903,'False ',0,401),(1904,'True',1,402),(1905,'False',0,402),(1906,'False',1,403),(1907,'True',0,403),(1908,'clouds',1,404),(1909,'storms',0,404),(1910,'oceans',0,404),(1911,'mountains ',0,404),(1912,'brightest',1,405),(1913,'largest',0,405),(1914,'heaviest ',0,405),(1915,'gassiest ',0,405),(1916,'True',1,406),(1917,'False',0,406),(1918,'True',1,407),(1919,'False',0,407),(1920,'Hydrogen ',1,408),(1921,'Helium',0,408),(1922,'Water',0,408),(1923,'Neon',0,408),(1924,'largest moon in our solar system',1,409),(1925,'brightest object in our solar system',0,409),(1926,'coldest object in our solar system ',0,409),(1927,'hottest object in our solar system ',0,409),(1928,'True ',1,410),(1929,'False',0,410),(1930,'Saturn',1,411),(1931,'Earth',0,411),(1932,'Mercury',0,411),(1933,'Venus',0,411),(1934,'Mars',0,411),(1935,'False',1,412),(1936,'True ',0,412),(1937,'polar',1,413),(1938,'star',0,413),(1939,'moon ',0,413),(1940,'ring',0,413),(1941,'solar',0,413),(1942,'25,000 MPH',1,414),(1943,'1,000 MPH',0,414),(1944,'1,000,000 MPH',0,414),(1945,'500,000 MPH',0,414),(1946,'Escape velocity',1,415),(1947,'Surface gravity ',0,415),(1948,'Orbit velocity',0,415),(1949,'Gravity escape force',0,415),(1950,'134,664 MPH',1,416),(1951,'10,000 MPH',0,416),(1952,'500,000 MPH',0,416),(1953,'1,000,000 MPH',0,416),(1954,'253 lbs ',1,417),(1955,'5 lbs',0,417),(1956,'1000lbs',0,417),(1957,'100 lbs',0,417),(1958,'True ',1,418),(1959,'False',0,418),(1960,'True',1,419),(1961,'False ',0,419),(1962,'Jupiter\'s liquid hydrogen ocean',1,420),(1963,'Jupiter\'s extremely rocky core',0,420),(1964,'Jupiter\'s clouds',0,420),(1965,'Jupiter\'s volcano range ',0,420),(1966,'True',1,421),(1967,'False ',0,421),(1968,'3',1,422),(1969,'25',0,422),(1970,'150',0,422),(1971,'0',0,422),(1972,'Asteroids',1,423),(1973,'Meteoroids ',0,423),(1974,'Planets',0,423),(1975,'Comets',0,423),(1976,'Comet',1,424),(1977,'Asteroid',0,424),(1978,'Meteroid',0,424),(1979,'Planet',0,424),(1980,'Meteoroid',1,425),(1981,'Comet',0,425),(1982,'Asteroid',0,425),(1983,'Meteorite',0,425),(1984,'Meteor',1,426),(1985,'Meteoroid',0,426),(1986,'Asteroid',0,426),(1987,'Comet',0,426),(1988,'Meteorite',1,427),(1989,'Comet',0,427),(1990,'Asteroid',0,427),(1991,'Meteor',0,427),(1992,'Alan Shepard ',1,428),(1993,'Neil Armstrong',0,428),(1994,'Buzz Lightyear',0,428),(1995,'Michael Collins',0,428),(1996,'100,000',1,429),(1997,'100',0,429),(1998,'1,000,000',0,429),(1999,'10',0,429),(2000,'2002',1,430),(2001,'1969',0,430),(2002,'2015',0,430),(2003,'1992',0,430),(2004,'Dragon',1,431),(2005,'BFR',0,431),(2006,'Falcon Heavy',0,431),(2007,'Falcon 5',0,431),(2008,'Falcon 1 ',1,432),(2009,'Falcon 9',0,432),(2010,'Dragon',0,432),(2011,'BFR',0,432),(2012,'commercial satellite',1,433),(2013,'astronaut ',0,433),(2014,'time capsule ',0,433),(2015,'pizza',0,433),(2016,'re-enter from low-Earth orbit',1,434),(2017,'re-enter from high-Earth orbit',0,434),(2018,'re-enter from interstellar space ',0,434),(2019,'return from the Moon ',0,434),(2020,'enabling people to live on other planets',1,435),(2021,'building cool rockets',0,435),(2022,'discovering intelligent life is space',0,435),(2023,'building reusable rockets ',0,435),(2024,'Elon Musk',1,436),(2025,'Jeff Bezos',0,436),(2026,'Richard Branson ',0,436),(2027,'Jeff Greason',0,436),(2028,'reflight',1,437),(2029,'flying',0,437),(2030,'landing',0,437),(2031,'refueling ',0,437),(2032,'nine',1,438),(2033,'fifteen',0,438),(2034,'five',0,438),(2035,'ten ',0,438),(2036,'five 747s',1,439),(2037,'the Voyager 1',0,439),(2038,'the DeLorean',0,439),(2039,'Air Force 1',0,439),(2040,'Falcon Heavy',1,440),(2041,'Falcon 9 ',0,440),(2042,'Dragon',0,440),(2043,'Apollo 11',0,440),(2044,'27',1,441),(2045,'18',0,441),(2046,'9',0,441),(2047,'50',0,441),(2048,'True ',1,442),(2049,'False',0,442),(2050,'three',1,443),(2051,'five',0,443),(2052,'two',0,443),(2053,'ten ',0,443),(2054,'True ',1,444),(2055,'False',0,444),(2056,'Elon\'s Tesla',1,445),(2057,'Nasa\'s satellite ',0,445),(2058,'cargo to the ISS',0,445),(2059,'people to the ISS',0,445),(2060,'Starman',1,446),(2061,'Starlord',0,446),(2062,'Mr. Stark',0,446),(2063,'Starkman ',0,446),(2064,'Andromeda ',1,447),(2065,'Black Eye',0,447),(2066,'Orion\'s belt',0,447),(2067,'the Big Dipper',0,447),(2068,'Galaxy',1,448),(2069,'Star',0,448),(2070,'Universe',0,448),(2071,'Star cluster',0,448),(2072,'Boomerang Nebula',1,449),(2073,'Upside-down Nebula ',0,449),(2074,'Planet Zurg',0,449),(2075,'Star Command ',0,449),(2076,'Yuri Gagarin',1,450),(2077,'Neil Armstrong',0,450),(2078,'Buzz Aldrin',0,450),(2079,'Elon Musk ',0,450),(2080,'Valentina Tereshkova',1,451),(2081,'Sally Ride',0,451),(2082,'Stefani Germanotta',0,451),(2083,'Amelia Earhart',0,451),(2084,'Sally Ride',1,452),(2085,'Amelia Earhart',0,452),(2086,'Stefani Germanotta',0,452),(2087,'Ruth Law',0,452),(2088,'Supermassive black hole ',1,453),(2089,'A red supergiant star ',0,453),(2090,'The Boomerang Nebula ',0,453),(2091,'A supernova',0,453),(2092,'25,000',1,454),(2093,'1,000,000',0,454),(2094,'500,000',0,454),(2095,'250,000',0,454),(2096,'Astronomy ',1,455),(2097,'Biology',0,455),(2098,'Botany',0,455),(2099,'Geology',0,455),(2100,'True',1,456),(2101,'False',0,456),(2102,'There is no air for sound vibrations to travel',1,457),(2103,'There is sound in outer space',0,457),(2104,'Light waves destroy sound waves',0,457),(2105,'Gas in space clogs our ears',0,457),(2106,'Hubble constant',1,458),(2107,'dark matter',0,458),(2108,'theory of relativity',0,458),(2109,'fluxation equation ',0,458),(2110,'interplanetary matter',1,459),(2111,'comets',0,459),(2112,'space junk',0,459),(2113,'meteorites ',0,459),(2114,'interstellar medium',1,460),(2115,'interplanetary matter',0,460),(2116,'atoms',0,460),(2117,'matter era',0,460),(2118,'False',1,461),(2119,'True ',0,461),(2120,'heliopause',1,462),(2121,'heliosphere',0,462),(2122,'Oort cloud',0,462),(2123,'Voyager 1',0,462),(2124,'Sun',1,463),(2125,'solar system',0,463),(2126,'Earth',0,463),(2127,'magnets ',0,463),(2128,'Planet Z',1,464),(2129,'Makemake',0,464),(2130,'Pluto',0,464),(2131,'Ceres',0,464),(2132,'True',1,465),(2133,'False',0,465),(2134,'Absolute zero ',1,466),(2135,'Frozone ',0,466),(2136,'Infinite zero ',0,466),(2137,'Ice over point ',0,466),(2138,'True ',1,467),(2139,'False',0,467),(2140,'inerta',1,468),(2141,'speed',0,468),(2142,'gravity',0,468),(2143,'Theory of Speed',0,468),(2144,'Gravity',1,469),(2145,'Inerta',0,469),(2146,'Free falling ',0,469),(2147,'Speed',0,469),(2148,'False',1,470),(2149,'True ',0,470),(2150,'True',1,471),(2151,'False',0,471),(2152,'True',1,472),(2153,'False',0,472),(2154,'four',1,473),(2155,'ten',0,473),(2156,'one',0,473),(2157,'fifteen ',0,473),(2158,'Kennedy Space Center',1,474),(2159,'Cape Canaveral Air Force Station',0,474),(2160,'Vandenberg Air Force Base',0,474),(2161,'SpaceX South Texas Launch Site',0,474),(2162,'True',1,475),(2163,'False',0,475),(2164,'Flase',1,476),(2165,'True',0,476),(2166,'Checkmate',1,477),(2167,'Just Read the Instructions',0,477),(2168,'Of Course I Still Love You',0,477),(2169,'A Shortfall of Gravitas',0,477),(2170,'Mr. Steven',1,478),(2171,'Hello, We Meet Again',0,478),(2172,'Catch Me If You Can',0,478),(2173,'Hey There Delilah',0,478);
/*!40000 ALTER TABLE `answers` ENABLE KEYS */;
UNLOCK TABLES;

--
-- Table structure for table `blogs`
--

DROP TABLE IF EXISTS `blogs`;
/*!40101 SET @saved_cs_client     = @@character_set_client */;
/*!40101 SET character_set_client = utf8 */;
CREATE TABLE `blogs` (
  `id` int(11) NOT NULL AUTO_INCREMENT,
  `blog` text NOT NULL,
  `author` varchar(45) NOT NULL,
  `date` datetime NOT NULL,
  `enabled` int(1) NOT NULL DEFAULT '1',
  PRIMARY KEY (`id`),
  UNIQUE KEY `id_UNIQUE` (`id`)
) ENGINE=InnoDB AUTO_INCREMENT=35 DEFAULT CHARSET=utf8;
/*!40101 SET character_set_client = @saved_cs_client */;

--
-- Dumping data for table `blogs`
--

LOCK TABLES `blogs` WRITE;
/*!40000 ALTER TABLE `blogs` DISABLE KEYS */;
INSERT INTO `blogs` VALUES (11,'Mac Miller passed away yesterday. Today I have spent over ten hours working on knowyourcosmos dashboard. At this point everything is working but the creation of missions. I am currently showing Bobandi the website. Looking forward to changing the world.{n}{n}Cheers.','beerent','2018-09-09 00:55:03',1),(12,'Need to add feature to have numbers with powers','Nick','2018-09-09 00:59:55',0),(13,'<i>What you do today is who you are tomorrow.</i>{n}{n}I am reworking all of the code organization to become less coupled (forced to need all files to do one task) and more cohesive (related files are placed nearby). We will create the highest quality of work, even if only for internal uses. Because what we do today determines who we are tomorrow.','beerent','2018-09-09 13:54:48',1),(14,'I am logging in to check out all the important updates to make this easier!','Bob','2018-09-10 00:17:51',1),(15,'Showing off blog system to screen share. ','ghost','2018-09-10 00:47:08',0),(16,'Here teammates are encouraged to share their thoughts on the day. ','Beerent','2018-09-10 00:48:44',0),(17,'When entering question, special characters such as underscores, quotation marks and apostrophes will result in the question not being saved. ','Bob','2018-09-10 10:39:37',0),(18,'There should be an option for True or False questions. So essentially when adding new questions there should be an option, this is a T/F question and auto fill T/F as answers.','Bob','2018-09-11 10:48:31',0),(19,'Just as a reminder to log my IP Address. It changed today.','Bob','2018-09-12 10:13:12',1),(20,'Today I was extremely tired. I had literally one beer in celebration of ginger getting rich from new job. It\'s crazy what one beer can do to your drive and effectiveness. No beer is the best beer when you need to get sh*t done!','beerent','2018-09-12 11:01:06',1),(21,'I am happy!','brent','2018-09-13 01:11:53',0),(22,'well over a week in and we\'re still making great momentum. This feels amazing. Also, waking up at 4 am is starting to feel normal! My gym interest has suffered, which ends today. I will workout at 6:30 am for now on.','beerent','2018-09-14 09:47:18',1),(23,'Woke up before my alarm went off this morning which was unusual. 350AM felt ok, wasn\'t too tired. Went to the gym, came home and ran 4 miles all before 6AM. ','Bob','2018-09-14 10:16:38',1),(24,'A wonderful Saturday! Just brought Kamil on board. He has joined the slack channel. I also created my 3rd aws server to host perforce. Yesterday we decided we are going to use Kamil\'s old space game for a background on know your cosmos!','beerent','2018-09-15 14:06:09',1),(25,'It\'s the end of Sunday. We are putting in serious work! Bob just finished the Sun, I just finished the Moon. Excited to see what the next week brings!','beerent','2018-09-17 00:42:25',1),(26,'test','test','2018-09-17 10:36:09',0),(27,'Its been a great morning. I added citations for the entire Sun bucket!','Bob','2018-09-18 11:14:56',1),(28,'Its the morning of the day I fly to Disney. Lol. ','beerent','2018-09-20 09:08:32',1),(29,'Back from LaLa land! Yesterday was first day back from Disney and it sucked ass. Today I was up at 3:50 AM and ready to get back to it!','D. Marshall','2018-09-25 09:22:34',1),(30,'Bae is coming into town tonight. But that isn\'t stopping me from adding more questions before her arrival!','Bob','2018-09-29 02:28:31',1),(31,'Up at 5:30 on the weekend. have been debating going back to bed but sometimes you have to grind!!!','beerent','2018-09-29 10:25:21',1),(32,'Begging the Jupiter bucket...NOW!','Bobandi','2018-10-16 14:40:25',0),(33,'Haven\'t posted in a while! at this point we have network connections running from both windows and ios. we have a staging server running and serving up the 400 questions we have so far. things are exciting!','beerent','2018-10-27 10:39:20',1),(34,'We need to keep pushing to 500 questions and filling all our current buckets to 50 questions!','Bob','2018-10-30 13:04:45',1);
/*!40000 ALTER TABLE `blogs` ENABLE KEYS */;
UNLOCK TABLES;

--
-- Table structure for table `buckets`
--

DROP TABLE IF EXISTS `buckets`;
/*!40101 SET @saved_cs_client     = @@character_set_client */;
/*!40101 SET character_set_client = utf8 */;
CREATE TABLE `buckets` (
  `id` int(10) NOT NULL AUTO_INCREMENT,
  `name` varchar(45) DEFAULT NULL,
  `enabled` int(1) NOT NULL DEFAULT '1',
  PRIMARY KEY (`id`),
  UNIQUE KEY `bucket_id_UNIQUE` (`id`),
  UNIQUE KEY `name_UNIQUE` (`name`)
) ENGINE=InnoDB AUTO_INCREMENT=25 DEFAULT CHARSET=utf8;
/*!40101 SET character_set_client = @saved_cs_client */;

--
-- Dumping data for table `buckets`
--

LOCK TABLES `buckets` WRITE;
/*!40000 ALTER TABLE `buckets` DISABLE KEYS */;
INSERT INTO `buckets` VALUES (14,'Sun',1),(15,'Moon',1),(16,'Mars',1),(17,'Venus',1),(18,'Space X',1),(19,'Solar System',1),(20,'General',1),(21,'Mercury',1),(22,'Earth',1),(23,'Jupiter',1),(24,'Bobs Nameless Bucket',1);
/*!40000 ALTER TABLE `buckets` ENABLE KEYS */;
UNLOCK TABLES;

--
-- Table structure for table `question_bucket_map`
--

DROP TABLE IF EXISTS `question_bucket_map`;
/*!40101 SET @saved_cs_client     = @@character_set_client */;
/*!40101 SET character_set_client = utf8 */;
CREATE TABLE `question_bucket_map` (
  `question_id` int(11) NOT NULL,
  `bucket_id` int(11) NOT NULL,
  UNIQUE KEY `question_bucket_constraint` (`question_id`,`bucket_id`),
  KEY `qbm2_idx` (`bucket_id`),
  KEY `qbm1_idx` (`question_id`),
  CONSTRAINT `qbm1` FOREIGN KEY (`question_id`) REFERENCES `questions` (`id`) ON DELETE NO ACTION ON UPDATE NO ACTION,
  CONSTRAINT `qbm2` FOREIGN KEY (`bucket_id`) REFERENCES `buckets` (`id`) ON DELETE NO ACTION ON UPDATE NO ACTION
) ENGINE=InnoDB DEFAULT CHARSET=utf8;
/*!40101 SET character_set_client = @saved_cs_client */;

--
-- Dumping data for table `question_bucket_map`
--

LOCK TABLES `question_bucket_map` WRITE;
/*!40000 ALTER TABLE `question_bucket_map` DISABLE KEYS */;
INSERT INTO `question_bucket_map` VALUES (29,14),(30,14),(31,14),(32,14),(34,14),(35,14),(36,14),(37,14),(38,14),(39,14),(40,14),(41,14),(42,14),(43,14),(44,14),(45,14),(47,14),(48,14),(49,14),(50,14),(54,14),(66,14),(68,14),(69,14),(71,14),(95,14),(96,14),(97,14),(98,14),(99,14),(117,14),(118,14),(124,14),(128,14),(133,14),(139,14),(140,14),(143,14),(146,14),(150,14),(164,14),(166,14),(167,14),(168,14),(169,14),(170,14),(220,14),(222,14),(223,14),(224,14),(368,14),(185,15),(186,15),(187,15),(188,15),(189,15),(190,15),(191,15),(192,15),(193,15),(195,15),(196,15),(197,15),(198,15),(199,15),(200,15),(201,15),(202,15),(203,15),(204,15),(205,15),(206,15),(207,15),(208,15),(209,15),(210,15),(211,15),(212,15),(213,15),(214,15),(215,15),(216,15),(217,15),(218,15),(219,15),(228,15),(231,15),(234,15),(235,15),(236,15),(237,15),(238,15),(239,15),(240,15),(241,15),(242,15),(244,15),(245,15),(247,15),(248,15),(249,15),(288,15),(289,15),(345,15),(33,16),(51,16),(52,16),(53,16),(55,16),(56,16),(57,16),(58,16),(59,16),(60,16),(61,16),(62,16),(63,16),(64,16),(65,16),(67,16),(70,16),(72,16),(73,16),(75,16),(76,16),(77,16),(78,16),(79,16),(80,16),(81,16),(82,16),(83,16),(84,16),(85,16),(86,16),(87,16),(88,16),(89,16),(90,16),(91,16),(92,16),(93,16),(94,16),(100,16),(102,16),(103,16),(104,16),(105,16),(108,16),(109,16),(110,16),(111,16),(112,16),(113,16),(114,16),(115,16),(116,16),(287,16),(46,17),(119,17),(120,17),(121,17),(123,17),(125,17),(126,17),(127,17),(129,17),(130,17),(131,17),(132,17),(134,17),(135,17),(136,17),(137,17),(138,17),(141,17),(142,17),(144,17),(145,17),(147,17),(148,17),(149,17),(151,17),(152,17),(153,17),(154,17),(155,17),(156,17),(157,17),(158,17),(159,17),(160,17),(161,17),(162,17),(163,17),(165,17),(171,17),(172,17),(173,17),(174,17),(175,17),(176,17),(177,17),(178,17),(179,17),(180,17),(181,17),(182,17),(183,17),(184,17),(430,18),(431,18),(432,18),(433,18),(434,18),(435,18),(436,18),(437,18),(438,18),(439,18),(440,18),(441,18),(442,18),(443,18),(444,18),(445,18),(446,18),(473,18),(474,18),(475,18),(476,18),(477,18),(478,18),(73,19),(74,19),(151,19),(225,19),(226,19),(227,19),(229,19),(230,19),(232,19),(233,19),(243,19),(246,19),(250,19),(251,19),(252,19),(281,19),(282,19),(296,19),(346,19),(347,19),(351,19),(352,19),(353,19),(355,19),(357,19),(358,19),(359,19),(360,19),(361,19),(362,19),(363,19),(423,19),(425,19),(426,19),(427,19),(459,19),(464,19),(470,19),(471,19),(472,19),(101,20),(106,20),(107,20),(122,20),(151,20),(194,20),(221,20),(266,20),(283,20),(284,20),(285,20),(286,20),(290,20),(296,20),(301,20),(302,20),(333,20),(344,20),(348,20),(349,20),(350,20),(354,20),(356,20),(364,20),(365,20),(366,20),(367,20),(399,20),(415,20),(424,20),(428,20),(429,20),(447,20),(448,20),(449,20),(450,20),(451,20),(452,20),(453,20),(455,20),(456,20),(457,20),(458,20),(460,20),(461,20),(462,20),(463,20),(465,20),(466,20),(467,20),(468,20),(469,20),(253,21),(254,21),(255,21),(256,21),(257,21),(258,21),(259,21),(260,21),(261,21),(262,21),(263,21),(264,21),(265,21),(267,21),(268,21),(269,21),(270,21),(271,21),(272,21),(273,21),(274,21),(275,21),(276,21),(277,21),(278,21),(279,21),(280,21),(291,22),(292,22),(293,22),(294,22),(295,22),(297,22),(298,22),(299,22),(300,22),(301,22),(303,22),(304,22),(305,22),(306,22),(307,22),(308,22),(309,22),(310,22),(311,22),(312,22),(313,22),(314,22),(315,22),(316,22),(317,22),(318,22),(319,22),(320,22),(321,22),(322,22),(323,22),(324,22),(325,22),(326,22),(327,22),(328,22),(329,22),(330,22),(331,22),(332,22),(334,22),(335,22),(336,22),(337,22),(338,22),(339,22),(340,22),(341,22),(342,22),(343,22),(410,22),(414,22),(454,22),(369,23),(370,23),(371,23),(372,23),(373,23),(374,23),(375,23),(376,23),(377,23),(378,23),(379,23),(380,23),(381,23),(382,23),(383,23),(384,23),(385,23),(386,23),(387,23),(388,23),(389,23),(390,23),(391,23),(392,23),(393,23),(394,23),(395,23),(396,23),(397,23),(398,23),(400,23),(401,23),(402,23),(403,23),(404,23),(405,23),(406,23),(407,23),(408,23),(409,23),(411,23),(412,23),(413,23),(416,23),(417,23),(418,23),(419,23),(420,23),(421,23),(422,23);
/*!40000 ALTER TABLE `question_bucket_map` ENABLE KEYS */;
UNLOCK TABLES;

--
-- Table structure for table `question_reviews`
--

DROP TABLE IF EXISTS `question_reviews`;
/*!40101 SET @saved_cs_client     = @@character_set_client */;
/*!40101 SET character_set_client = utf8 */;
CREATE TABLE `question_reviews` (
  `question_id` int(11) NOT NULL,
  `reviewer_id` int(11) NOT NULL,
  UNIQUE KEY `unique_` (`question_id`,`reviewer_id`) USING BTREE,
  KEY `review_fk_1_idx` (`question_id`),
  KEY `review_fk_2_idx` (`reviewer_id`),
  CONSTRAINT `review_fk_1` FOREIGN KEY (`question_id`) REFERENCES `questions` (`id`) ON DELETE NO ACTION ON UPDATE NO ACTION,
  CONSTRAINT `review_fk_2` FOREIGN KEY (`reviewer_id`) REFERENCES `reviewer` (`id`) ON DELETE NO ACTION ON UPDATE NO ACTION
) ENGINE=InnoDB DEFAULT CHARSET=latin1;
/*!40101 SET character_set_client = @saved_cs_client */;

--
-- Dumping data for table `question_reviews`
--

LOCK TABLES `question_reviews` WRITE;
/*!40000 ALTER TABLE `question_reviews` DISABLE KEYS */;
INSERT INTO `question_reviews` VALUES (111,0),(112,0),(114,0),(115,0),(116,0),(224,0),(249,0),(340,0),(341,0),(342,0),(343,0),(384,0);
/*!40000 ALTER TABLE `question_reviews` ENABLE KEYS */;
UNLOCK TABLES;

--
-- Table structure for table `questions`
--

DROP TABLE IF EXISTS `questions`;
/*!40101 SET @saved_cs_client     = @@character_set_client */;
/*!40101 SET character_set_client = utf8 */;
CREATE TABLE `questions` (
  `id` int(11) NOT NULL AUTO_INCREMENT,
  `question` varchar(150) NOT NULL,
  `citation` varchar(500) DEFAULT NULL,
  `enabled` int(1) NOT NULL DEFAULT '1',
  `added` datetime DEFAULT NULL,
  PRIMARY KEY (`id`),
  UNIQUE KEY `question_UNIQUE` (`question`)
) ENGINE=InnoDB AUTO_INCREMENT=479 DEFAULT CHARSET=utf8;
/*!40101 SET character_set_client = @saved_cs_client */;

--
-- Dumping data for table `questions`
--

LOCK TABLES `questions` WRITE;
/*!40000 ALTER TABLE `questions` DISABLE KEYS */;
INSERT INTO `questions` VALUES (28,'Why does Brent smell?','Bob',1,'2018-09-17 10:35:04'),(29,'What surface temperature of the Sun?','\"The Sun in Bulk.\" Astronomy: a Beginner\'s Guide to the Universe, by Eric Chaisson and S. McMillan, Addison-Wesley, 2010, p. 245.',1,'2018-09-17 10:35:04'),(30,'What is the mass of the Sun?','The Sun in Bulk. Astronomy: a Beginner\'s Guide to the Universe, by Eric Chaisson and S. McMillan, Addison-Wesley, 2010, p. 245.',1,'2018-09-17 10:35:04'),(31,'The Suns lower atmosphere is known as the _____?','The Sun in Bulk. Astronomy: a Beginner\'s Guide to the Universe, by Eric Chaisson and S. McMillan, Addison-Wesley, 2010, p. 244.',1,'2018-09-17 10:35:04'),(32,'What part of the sun emits the radiation we can see?','The Sun in Bulk. Astronomy: a Beginner\'s Guide to the Universe, by Eric Chaisson and S. McMillan, Addison-Wesley, 2010, p. 244.',1,'2018-09-17 10:35:04'),(33,'What color is Pluto?\'',NULL,0,'2018-09-17 10:35:04'),(34,'What is a glowing ball of gas held together by its own gravity and powered by nuclear fusion?','The Sun in Bulk. Astronomy: a Beginner\'s Guide to the Universe, by Eric Chaisson and S. McMillan, Addison-Wesley, 2010, p. 244.',1,'2018-09-17 10:35:04'),(35,'How thick is the Suns chromopshere?','The Sun in Bulk. Astronomy: a Beginner\'s Guide to the Universe, by Eric Chaisson and S. McMillan, Addison-Wesley, 2010, p. 244.',1,'2018-09-17 10:35:04'),(36,'What region of the Sun lies above the chromosphere?','The Sun in Bulk. Astronomy: a Beginner\'s Guide to the Universe, by Eric Chaisson and S. McMillan, Addison-Wesley, 2010, p. 244.',1,'2018-09-17 10:35:04'),(37,'What is the diameter of the sun?','Dunbar, Brian. The Sun. NASA, NASA, 6 May 2015, www.nasa.gov/sun.',1,'2018-09-17 10:35:04'),(38,'What is the Suns outer atmosphere called?','The Sun in Bulk. Astronomy: a Beginner\'s Guide to the Universe, by Eric Chaisson and S. McMillan, Addison-Wesley, 2010, p. 244.',1,'2018-09-17 10:35:04'),(39,'What is the constant stream of escaping solar particles from the Sun?','The Solar Atmosphere. Astronomy: a Beginner\'s Guide to the Universe, by Eric Chaisson and S. McMillan, Addison-Wesley, 2010, p. 251.',1,'2018-09-17 10:35:04'),(40,'What region of the sun is in a constant convective motion? ','The Sun in Bulk. Astronomy: a Beginner\'s Guide to the Universe, by Eric Chaisson and S. McMillan, Addison-Wesley, 2010, p. 244.',1,'2018-09-17 10:35:04'),(41,'This region of the Sun transports solar energy toward the surface by radiation?','The Sun in Bulk. Astronomy: a Beginner\'s Guide to the Universe, by Eric Chaisson and S. McMillan, Addison-Wesley, 2010, p. 244.',1,'2018-09-17 10:35:04'),(42,'This part of the Sun is the site of powerful nuclear fusion reactions that generate the Sun\'s enormous energy output?','The Sun in Bulk. Astronomy: a Beginner\'s Guide to the Universe, by Eric Chaisson and S. McMillan, Addison-Wesley, 2010, p. 244.',1,'2018-09-17 10:35:04'),(43,'What can be measured by timing sunspots and other surface features as they cross the solar disc?','The Sun in Bulk. Astronomy: a Beginner\'s Guide to the Universe, by Eric Chaisson and S. McMillan, Addison-Wesley, 2010, p. 244.',1,'2018-09-17 10:35:04'),(44,'The amount of solar energy reaching a square meter area at the top of Earth\'s surface is a quantity known as _____?','The Sun in Bulk. Astronomy: a Beginner\'s Guide to the Universe, by Eric Chaisson and S. McMillan, Addison-Wesley, 2010, p. 245.',1,'2018-09-17 10:35:04'),(45,'The total amount of energy radiated from the solar surface per second is _____?','The Sun in Bulk. Astronomy: a Beginner\'s Guide to the Universe, by Eric Chaisson and S. McMillan, Addison-Wesley, 2010, p. 245.',1,'2018-09-17 10:35:04'),(46,'a\'\"\'\"\'\"\'\"',NULL,0,'2018-09-17 10:35:04'),(47,'The Sun is in a state of _____ in which pressure\'s outward push exactly counteracts gravity\'s inward pull.','The Solar Interior. Astronomy: a Beginner\'s Guide to the Universe, by Eric Chaisson and S. McMillan, Addison-Wesley, 2010, p. 246.',1,'2018-09-17 10:35:04'),(48,'It was discovered using measurements of Doppler shifts that the surface of the Sun vibrates. This is also known as _____?','The Solar Interior. Astronomy: a Beginner\'s Guide to the Universe, by Eric Chaisson and S. McMillan, Addison-Wesley, 2010, p. 246.',1,'2018-09-17 10:35:04'),(49,'The most extensive study of solar vibrations is the ongoing GONG project. What does GONG stand for?','The Solar Interior. Astronomy: a Beginner\'s Guide to the Universe, by Eric Chaisson and S. McMillan, Addison-Wesley, 2010, p. 246.',1,'2018-09-17 10:35:04'),(50,'The study of conditions far below the Sun\'s surface through the analysis of internal \"sound\" waves that repeatedly cross the solar interior is _____?','The Solar Interior. Astronomy: a Beginner\'s Guide to the Universe, by Eric Chaisson and S. McMillan, Addison-Wesley, 2010, p. 246.',1,'2018-09-17 10:35:04'),(51,'How many moons does Mars have?','Summary | Martian Moons  NASA\'s Mars Exploration Program. NASA, NASA, 21 June 2018, mars.nasa.gov/all-about-mars/moons/summary/.',1,'2018-09-17 10:35:04'),(52,'What is the average temperature of Mars?','Mars Facts | All About Mars  NASA\'s Mars Exploration Program. NASA, NASA, 31 Aug. 2017, mars.nasa.gov/all-about-mars/facts/.',1,'2018-09-17 10:35:04'),(53,'Mars is the _____ planet from the Sun.','Ask an Astronomer. Cool Cosmos, coolcosmos.ipac.caltech.edu/ask/193-What-is-the-order-of-the-planets-in-the-Solar-System-.',1,'2018-09-17 10:35:04'),(54,'The SOHO provides continuous monitoring of the Sun\'s surface and atmosphere. SOHO stands for what?','The Solar Interior. Astronomy: a Beginner\'s Guide to the Universe, by Eric Chaisson and S. McMillan, Addison-Wesley, 2010, p. 246.',1,'2018-09-17 10:35:04'),(55,'The gravity on Mars is _____ % of that on Earth.','Quick Facts | Mars Exploration Program. NASA, NASA, mars.nasa.gov/allaboutmars/extreme/quickfacts/.',1,'2018-09-17 10:35:04'),(56,'How long is one day on Mars?','Quick Facts | Mars Exploration Program. NASA, NASA, mars.nasa.gov/allaboutmars/extreme/quickfacts/.',1,'2018-09-17 10:35:04'),(57,'How many Earth days is equal to one year on Mars?','Quick Facts | Mars Exploration Program. NASA, NASA, mars.nasa.gov/allaboutmars/extreme/quickfacts/.',1,'2018-09-17 10:35:04'),(58,'Mars has an average distance of _____ miles from the Sun.','Quick Facts | Mars Exploration Program. NASA, NASA, mars.nasa.gov/allaboutmars/extreme/quickfacts/.',1,'2018-09-17 10:35:04'),(59,'Mars has a _____ % axis tilt.','Quick Facts | Mars Exploration Program. NASA, NASA, mars.nasa.gov/allaboutmars/extreme/quickfacts/.',1,'2018-09-17 10:35:04'),(60,'Mars\' moon Phobos has an equitorial radius of _____.','By the Numbers | Phobos  Solar System Exploration: NASA Science. NASA, NASA, 7 Feb. 2018, solarsystem.nasa.gov/moons/mars-moons/phobos/by-the-numbers/.',1,'2018-09-17 10:35:04'),(61,'Mars has about _____ % the mass of Earth.','NASA, NASA, nssdc.gsfc.nasa.gov/planetary/factsheet/marsfact.html.',1,'2018-09-17 10:35:04'),(62,'Carbon Dioxide makes up _____ % of Mars\' atmosphere.','NASA, NASA, nssdc.gsfc.nasa.gov/planetary/factsheet/marsfact.html.',1,'2018-09-17 10:35:04'),(63,'_____ is the name of an active rover currently on Mars.','Greicius, Tony. Mars Science Laboratory - Curiosity Rover. NASA, NASA, 20 Jan. 2015, www.nasa.gov/mission_pages/msl/index.html.',1,'2018-09-17 10:35:04'),(64,'Which is not the name of a Mars rover?','NASA, NASA, history.nasa.gov/marschro.htm.',1,'2018-09-17 10:35:04'),(65,'Where did the rover Curiosity land on Mars?','NASA, NASA, history.nasa.gov/marschro.htm.',1,'2018-09-17 10:35:04'),(66,'The average density of the Sun is almost the same as which Jovian planet?','The Solar Interior. Astronomy: a Beginner\'s Guide to the Universe, by Eric Chaisson and S. McMillan, Addison-Wesley, 2010, p. 247.',1,'2018-09-17 10:35:04'),(67,'_____ was the first successful landing on Mars.','NASA, NASA, history.nasa.gov/marschro.htm.',1,'2018-09-17 10:35:04'),(68,'What is the mottled appearance of the solar surface?','The Solar Interior. Astronomy: a Beginner\'s Guide to the Universe, by Eric Chaisson and S. McMillan, Addison-Wesley, 2010, p. 249.',1,'2018-09-17 10:35:04'),(69,'This is the most abundant element in the Sun.','The Solar Atmosphere. Astronomy: a Beginner\'s Guide to the Universe, by Eric Chaisson and S. McMillan, Addison-Wesley, 2010, p. 249.',1,'2018-09-17 10:35:04'),(70,'What year was the Curiosity rover land on Mars?','NASA, NASA, history.nasa.gov/marschro.htm.',1,'2018-09-17 10:35:04'),(71,'Small solar storms that erupt from the chromosphere, expel jets of hot matter known as _____?','The Solar Atmosphere. Astronomy: a Beginner\'s Guide to the Universe, by Eric Chaisson and S. McMillan, Addison-Wesley, 2010, p. 250.',1,'2018-09-17 10:35:04'),(72,'Which Greek God is Mars named after?','Ask an Astronomer. Cool Cosmos, coolcosmos.ipac.caltech.edu/ask/86-How-did-Mars-and-its-moons-get-their-names-.',1,'2018-09-17 10:35:04'),(73,'Which planet is home to the largest volcano in the solar system?','OLYMPUS MONS. NASA, NASA, mars.jpl.nasa.gov/gallery/atlas/olympus-mons.html.',1,'2018-09-17 10:35:04'),(74,'Which of these planets is not terrestrial?','An Inventory of the Solar System. Astronomy: a Beginner\'s Guide to the Universe, by Eric Chaisson and S. McMillan, Addison-Wesley, 2010, p. 103-104.',1,'2018-09-17 10:35:04'),(75,'How tall is Mars\' tallest volcano, Olympus Mons?','NASA, NASA, mars.jpl.nasa.gov/gallery/atlas/olympus-mons.html.',1,'2018-09-17 10:35:04'),(76,'How wide is Mars\' largest volcano, Olympus Mons?','NASA, NASA, mars.jpl.nasa.gov/gallery/atlas/olympus-mons.html.',1,'2018-09-17 10:35:04'),(77,'What gives Mars its red color?','Videos - Mars Science Laboratory. NASA, NASA, mars.jpl.nasa.gov/msl/multimedia/videos/index.cfm?v=29',1,'2018-09-17 10:35:04'),(78,'How many rovers are active on Mars?','NASA, NASA, history.nasa.gov/marschro.htm.',1,'2018-09-17 10:35:04'),(79,'Who made the first telescopic observation of Mars?','1600s | Mars Exploration Program. NASA, NASA, mars.nasa.gov/allaboutmars/mystique/history/1600/.',1,'2018-09-17 10:35:04'),(80,'Mars can get to about ______ degrees F in the summer.','Mars Facts | All About Mars  NASA\'s Mars Exploration Program. NASA, NASA, 31 Aug. 2017, mars.nasa.gov/all-about-mars/facts/.',1,'2018-09-17 10:35:04'),(81,'How often does Mars\' moon Phobos orbit Mars?','In Depth | Mars Moons  Solar System Exploration: NASA Science. NASA, NASA, 29 Mar. 2018, solarsystem.nasa.gov/moons/mars-moons/in-depth/.',1,'2018-09-17 10:35:04'),(82,'Mars\' moon Phobos will collide with Mars in _____ years.','In Depth | Mars Moons  Solar System Exploration: NASA Science. NASA, NASA, 29 Mar. 2018, solarsystem.nasa.gov/moons/mars-moons/in-depth/.',1,'2018-09-17 10:35:04'),(83,'Mars\' moon Phobos orbits _____ above Mars.','In Depth | Mars Moons  Solar System Exploration: NASA Science. NASA, NASA, 29 Mar. 2018, solarsystem.nasa.gov/moons/mars-moons/in-depth/.',1,'2018-09-17 10:35:04'),(84,'Some scientists believe Mars\' planet Phobos to be a(n) _____.','Phobos. NASA, NASA, 23 Jan. 2018, solarsystem.nasa.gov/moons/mars-moons/phobos/in-depth/.',1,'2018-09-17 10:35:04'),(85,'It takes Mars\' moon Deimos about _____ to orbit around Mars.','Deimos. NASA, NASA, 23 Jan. 2018, solarsystem.nasa.gov/moons/mars-moons/deimos/in-depth/.',1,'2018-09-17 10:35:04'),(86,'The equatorial radius of Mars\' moon Deimos is _____ miles.','By the Numbers | Deimos  Solar System Exploration: NASA Science. NASA, NASA, 12 Jan. 2018, solarsystem.nasa.gov/moons/mars-moons/deimos/by-the-numbers/.',1,'2018-09-17 10:35:04'),(87,'Mars\' moon Deimos was discovered in year _____.','Deimos. NASA, NASA, 23 Jan. 2018, solarsystem.nasa.gov/moons/mars-moons/deimos/in-depth/.',1,'2018-09-17 10:35:04'),(88,'Mars\' moon Phobos was discovered in year _____.','Phobos. NASA, NASA, 23 Jan. 2018, solarsystem.nasa.gov/moons/mars-moons/phobos/in-depth/.',1,'2018-09-17 10:35:04'),(89,'The Martian moon Deimos is named after a son the Greek God of War, Ares, and means _____.','Ask an Astronomer. Cool Cosmos, coolcosmos.ipac.caltech.edu/ask/86-How-did-Mars-and-its-moons-get-their-names-.',1,'2018-09-17 10:35:04'),(90,'The Martian moon Phobos is named after a son the Greek God of War, Ares, and means _____.','Ask an Astronomer. Cool Cosmos, coolcosmos.ipac.caltech.edu/ask/86-How-did-Mars-and-its-moons-get-their-names-.',1,'2018-09-17 10:35:04'),(91,'Mars\' moon Deimos has a mean distance of _____ miles from Mars.','Martian Moons | Mars Exploration Program. NASA, NASA, mars.nasa.gov/allaboutmars/extreme/moons/.',1,'2018-09-17 10:35:04'),(92,'Tharsis Montes is the name of _____ on Mars.','Tharsis Montes. Deadliest Eruption | Volcano World | Oregon State University, volcano.oregonstate.edu/oldroot/volcanoes/planet_volcano/mars/Shields/tharsis.html.',1,'2018-09-17 10:35:04'),(93,'Which is not a volcano in the Tharis Montes on Mars?','Tharsis Montes. Deadliest Eruption | Volcano World | Oregon State University, volcano.oregonstate.edu/oldroot/volcanoes/planet_volcano/mars/Shields/tharsis.html.',1,'2018-09-17 10:35:04'),(94,'Mars has _____ ice caps.','NASA, NASA, mars.jpl.nasa.gov/msp98/lander/science.html.',1,'2018-09-17 10:35:04'),(95,'All solar activity is driven by the Sun\'s _____?','Zell, Holly. What Is Solar Activity? NASA, NASA, 6 Mar. 2015, www.nasa.gov/content/goddard/what-is-solar-activity.',1,'2018-09-17 10:35:04'),(96,'What are the dark blemishes that can be found on the surface of the Sun?','The Active Sun. Astronomy: a Beginner\'s Guide to the Universe, by Eric Chaisson and S. McMillan, Addison-Wesley, 2010, p. 252.',1,'2018-09-17 10:35:04'),(97,'What causes sunspots to be darker?','The Active Sun. Astronomy: a Beginner\'s Guide to the Universe, by Eric Chaisson and S. McMillan, Addison-Wesley, 2010, p. 252.',1,'2018-09-17 10:35:04'),(98,'The cool, dark, inner region of a sunspot is called the _____?','The Active Sun. Astronomy: a Beginner\'s Guide to the Universe, by Eric Chaisson and S. McMillan, Addison-Wesley, 2010, p. 252.',1,'2018-09-17 10:35:04'),(99,'The warmer, brighter, outer region of a sunspot is called the _____?','The Active Sun. Astronomy: a Beginner\'s Guide to the Universe, by Eric Chaisson and S. McMillan, Addison-Wesley, 2010, p. 252.',1,'2018-09-17 10:35:04'),(100,'At its closest point, Mars is _____ miles away from Earth.','NASA, NASA, marsmobile.jpl.nasa.gov/allaboutmars/nightsky/mars-close-approach/.',1,'2018-09-17 10:35:04'),(101,'What is the Deep Space Network?',NULL,0,'2018-09-17 10:35:04'),(102,'Mars has the _____ smallest diameter of the planets.','NASA, NASA, nssdc.gsfc.nasa.gov/planetary/factsheet/.',1,'2018-09-17 10:35:04'),(103,'The _____ was the first spacecraft to photograph Mars.','Mariner 4. NASA, NASA, www.jpl.nasa.gov/missions/mariner-4/.',1,'2018-09-17 10:35:04'),(104,'_____ was the first country to set a spacecraft into Mars\' orbit on their first attempt.','In Depth | Mars Orbiter Mission  Solar System Exploration: NASA Science. NASA, NASA, 25 Jan. 2018, solarsystem.nasa.gov/missions/mars-orbiter-mission/in-depth/.',1,'2018-09-17 10:35:04'),(105,'_____ was the first spacecraft to take a photo from Mars\' surface.','Viking 1 ',1,'2018-09-17 10:35:04'),(106,'Perihelion is the point in orbit when a planet, asteroid or comet is _____ to the Sun.','The Laws of Planetary Motion. Astronomy: a Beginner\'s Guide to the Universe, by Eric Chaisson and S. McMillan, Addison-Wesley, 2010, p.32.',1,'2018-09-17 10:35:04'),(107,'Aphelion is the point in orbit where a planet, asteroid or comet is _____ to the Sun.','The Laws of Planetary Motion. Astronomy: a Beginner\'s Guide to the Universe, by Eric Chaisson and S. McMillan, Addison-Wesley, 2010, p.32.',1,'2018-09-17 10:35:04'),(108,'Mars has _____ seasons.','Martian Year | Mars Exploration Program. NASA, NASA, mars.nasa.gov/allaboutmars/extreme/martianyear/.',1,'2018-09-17 10:35:04'),(109,'Valles Marineris is a _____ on Mars.','mars.jpl.nasa.gov/gallery/atlas/valles-marineris.html.',1,'2018-09-17 10:35:04'),(110,'Valles Marineris is about _____ miles long.','NASA, NASA, mars.jpl.nasa.gov/gallery/atlas/valles-marineris.html.',1,'2018-09-17 10:35:04'),(111,'Valles Marineris, a canyon on Mars, at its widest point is _____ miles wide.','NASA, NASA, mars.jpl.nasa.gov/gallery/atlas/valles-marineris.html.',1,'2018-09-17 10:35:04'),(112,'Valles Marineris, a canyon on Mars, is up to _____ feet deep.','NASA, NASA, mars.jpl.nasa.gov/gallery/atlas/valles-marineris.html.',1,'2018-09-17 10:35:04'),(113,'Valles Marineris, a canyon on Mars, was discovered by the _____ Mars orbiter.','Planetary Names: Vallis, Valles: Valles Marineris on Mars. Planetary Names: Planet and Satellite Names and Discoverers, planetarynames.wr.usgs.gov/Feature/6288.',1,'2018-09-17 10:35:04'),(114,'Valles Marineris, a canyon on Mars, is located on the _____.','NASA, NASA, mars.jpl.nasa.gov/gallery/atlas/valles-marineris.html.',1,'2018-09-17 10:35:04'),(115,'Gale is a _____ on Mars.','Gale Crater - Mars Science Laboratory. NASA, NASA, mars.nasa.gov/msl/mission/timeline/prelaunch/landingsiteselection/galecrater2/.',1,'2018-09-17 10:35:04'),(116,'Gale, a crater on Mars, has a diameter of _____ miles.','Dunbar, Brian. NASA\'s Next Mars Rover to Land at Gale Crater. NASA, NASA, www.nasa.gov/mission_pages/msl/news/msl20110722.html.',1,'2018-09-17 10:35:04'),(117,'What makes the Sun\'s rotation different than the Earth\'s?','The Active Sun. Astronomy: a Beginner\'s Guide to the Universe, by Eric Chaisson and S. McMillan, Addison-Wesley, 2010, p. 253.',1,'2018-09-17 10:35:04'),(118,'The Sun does not rotate as a solid body. What part of the Sun rotates faster?','The Active Sun. Astronomy: a Beginner\'s Guide to the Universe, by Eric Chaisson and S. McMillan, Addison-Wesley, 2010, p. 253.',1,'2018-09-17 10:35:04'),(119,'Venus has an equatorial radius of _____ miles.','By the Numbers | Venus  Solar System Exploration: NASA Science. NASA, NASA, 12 Jan. 2018, solarsystem.nasa.gov/planets/venus/by-the-numbers/.',1,'2018-09-17 10:35:04'),(120,'A year on Venus is equivalent to _____ Earth days.','In Depth | Venus  Solar System Exploration: NASA Science. NASA, NASA, 12 June 2018, solarsystem.nasa.gov/planets/venus/in-depth/.',1,'2018-09-17 10:35:04'),(121,'A day on Venus is equivelant to _____ Earth days.','In Depth | Venus  Solar System Exploration: NASA Science. NASA, NASA, 12 June 2018, solarsystem.nasa.gov/planets/venus/in-depth/.',1,'2018-09-17 10:35:04'),(122,'testing true false',NULL,0,'2018-09-17 10:35:04'),(123,'Venus is a terrestrial planet.','In Depth | Venus  Solar System Exploration: NASA Science. NASA, NASA, 12 June 2018, solarsystem.nasa.gov/planets/venus/in-depth/.',1,'2018-09-17 10:35:04'),(124,'Sunspot pairs are linked by what_____?','The Active Sun. Astronomy: a Beginner\'s Guide to the Universe, by Eric Chaisson and S. McMillan, Addison-Wesley, 2010, p. 253.',1,'2018-09-17 10:35:04'),(125,'It takes sunlight _____ minutes to travel from the Sun to Venus.','In Depth | Venus  Solar System Exploration: NASA Science. NASA, NASA, 12 June 2018, solarsystem.nasa.gov/planets/venus/in-depth/.',1,'2018-09-17 10:35:04'),(126,'Venus has _____ moons.','In Depth | Venus  Solar System Exploration: NASA Science. NASA, NASA, 12 June 2018, solarsystem.nasa.gov/planets/venus/in-depth/.',1,'2018-09-17 10:35:04'),(127,'A day on Venus is shorter than a year on Venus.','In Depth | Venus  Solar System Exploration: NASA Science. NASA, NASA, 12 June 2018, solarsystem.nasa.gov/planets/venus/in-depth/.',1,'2018-09-17 10:35:04'),(128,'The _____ of a sunspot simply indicates which way its magnetic field is directed.','The Active Sun. Astronomy: a Beginner\'s Guide to the Universe, by Eric Chaisson and S. McMillan, Addison-Wesley, 2010, p. 253.',1,'2018-09-17 10:35:04'),(129,'Venus, like Earth, rotates forwards, from west to east.','In Depth | Venus  Solar System Exploration: NASA Science. NASA, NASA, 12 June 2018, solarsystem.nasa.gov/planets/venus/in-depth/.',1,'2018-09-17 10:35:04'),(130,'Venus has an axial tilt of about _____ degrees.','In Depth | Venus  Solar System Exploration: NASA Science. NASA, NASA, 12 June 2018, solarsystem.nasa.gov/planets/venus/in-depth/.',1,'2018-09-17 10:35:04'),(131,'Maxwell Montes is a _____ on Venus.',' In Depth | Venus  Solar System Exploration: NASA Science. NASA, NASA, 12 June 2018, solarsystem.nasa.gov/planets/venus/in-depth/.',1,'2018-09-17 10:35:04'),(132,'Maxwell Montes, a mountain on Venus, is ____ feet tall.','In Depth | Venus  Solar System Exploration: NASA Science. NASA, NASA, 12 June 2018, solarsystem.nasa.gov/planets/venus/in-depth/.',1,'2018-09-17 10:35:04'),(133,'The Sun\'s differential rotation wraps and distorts the _____?','The Active Sun. Astronomy: a Beginner\'s Guide to the Universe, by Eric Chaisson and S. McMillan, Addison-Wesley, 2010, p. 254.',1,'2018-09-17 10:35:04'),(134,'Surface temperatures on Venus can reach up to _____ degrees Fahrenheit.','In Depth | Venus  Solar System Exploration: NASA Science. NASA, NASA, 12 June 2018, solarsystem.nasa.gov/planets/venus/in-depth/.',1,'2018-09-17 10:35:04'),(135,'Venus has two large highland areas, Ishtar Terra and _____.','In Depth | Venus  Solar System Exploration: NASA Science. NASA, NASA, 12 June 2018, solarsystem.nasa.gov/planets/venus/in-depth/.',1,'2018-09-17 10:35:04'),(136,'Ishtar Terra, a highland on Venus, is about the size of Australia.','In Depth | Venus  Solar System Exploration: NASA Science. NASA, NASA, 12 June 2018, solarsystem.nasa.gov/planets/venus/in-depth/.',1,'2018-09-17 10:35:04'),(137,'Aphrodite Terra, a highland on Venus, has a highland about the size of _____.','In Depth | Venus  Solar System Exploration: NASA Science. NASA, NASA, 12 June 2018, solarsystem.nasa.gov/planets/venus/in-depth/.',1,'2018-09-17 10:35:04'),(138,'Venus, a planet full of craters, has no crater smaller than 1 mile due to its _____.','In Depth | Venus  Solar System Exploration: NASA Science. NASA, NASA, 12 June 2018, solarsystem.nasa.gov/planets/venus/in-depth/.',1,'2018-09-17 10:35:04'),(139,'How long does the sunspot cycle last?','The Active Sun. Astronomy: a Beginner\'s Guide to the Universe, by Eric Chaisson and S. McMillan, Addison-Wesley, 2010, p. 254.',1,'2018-09-17 10:35:04'),(140,'How long does a solar cycle last?','The Active Sun. Astronomy: a Beginner\'s Guide to the Universe, by Eric Chaisson and S. McMillan, Addison-Wesley, 2010, p. 254.',1,'2018-09-17 10:35:04'),(141,'Almost all the surface features of Venus are named after _____.','In Depth | Venus  Solar System Exploration: NASA Science. NASA, NASA, 12 June 2018, solarsystem.nasa.gov/planets/venus/in-depth/.',1,'2018-09-17 10:35:04'),(142,'The planet Venus is named after the Roman goddess of _____.','In Depth | Venus  Solar System Exploration: NASA Science. NASA, NASA, 12 June 2018, solarsystem.nasa.gov/planets/venus/in-depth/.',1,'2018-09-17 10:35:04'),(143,'The lengthy period of of solar inactivity that extended from 1645 to 1715 is called the _____?','The Active Sun. Astronomy: a Beginner\'s Guide to the Universe, by Eric Chaisson and S. McMillan, Addison-Wesley, 2010, p. 255.',1,'2018-09-17 10:35:04'),(144,'How many rings does Venus have?','In Depth | Venus  Solar System Exploration: NASA Science. NASA, NASA, 12 June 2018, solarsystem.nasa.gov/planets/venus/in-depth/.',1,'2018-09-17 10:35:04'),(145,'A rover has never successfully landed on Venus.','NASA, NASA, nssdc.gsfc.nasa.gov/planetary/chronology_venus.html.',1,'2018-09-17 10:35:04'),(146,'A region of the photosphere of the Sun surrounding a sunspot group, that can erupt violently and unpredictably is a _____.','The Active Sun. Astronomy: a Beginner\'s Guide to the Universe, by Eric Chaisson and S. McMillan, Addison-Wesley, 2010, p. 256.',1,'2018-09-17 10:35:04'),(147,'Which is not the name of an orbiter of Venus?','NASA, NASA, nssdc.gsfc.nasa.gov/planetary/chronology_venus.html.',1,'2018-09-17 10:35:04'),(148,'_____ is the brightest object in the night sky (besides our Sun and moon).','Dunbar, Brian. The Planet Venus. NASA, NASA, 9 Apr. 2009, www.nasa.gov/audience/forstudents/5-8/features/F_The_Planet_Venus_5-8.html.',1,'2018-09-17 10:35:04'),(149,'Venus is the _____ planet from the sun.','Ask an Astronomer. Cool Cosmos, coolcosmos.ipac.caltech.edu/ask/193-What-is-the-order-of-the-planets-in-the-Solar-System-.',1,'2018-09-17 10:35:04'),(150,'A loop or sheet of glowing gas ejected from an active region on the solar surface is a _____?','The Active Sun. Astronomy: a Beginner\'s Guide to the Universe, by Eric Chaisson and S. McMillan, Addison-Wesley, 2010, p. 256.',1,'2018-09-17 10:35:04'),(151,'_____ is the hottest planet in our solar system.','Shekhtman, Lonnie, et al. Venus. NASA, NASA, 10 May 2018, solarsystem.nasa.gov/planets/venus/overview/.',1,'2018-09-17 10:35:04'),(152,'spacecraft _____ is currently orbiting Venus.',NULL,0,'2018-09-17 10:35:04'),(153,'Soviet Union\'s Venera 12 survived Venus\' intense heat for _____ hour(s).','In Depth | Venera 12  Solar System Exploration: NASA Science. NASA, NASA, 24 Jan. 2018, solarsystem.nasa.gov/missions/venera-12/in-depth/.',1,'2018-09-17 10:35:04'),(154,'Venus is surrounded by clouds of _____.','In Depth | Venus  Solar System Exploration: NASA Science. NASA, NASA, 12 June 2018, solarsystem.nasa.gov/planets/venus/in-depth/.',1,'2018-09-17 10:35:04'),(155,'Venus is bright enough to _____.','NASA, NASA, science.nasa.gov/science-news/science-at-nasa/2005/28nov_venusshadows.',1,'2018-09-17 10:35:04'),(156,'Venus, from Earth, is the _____ brightest object in the sky.','',0,'2018-09-17 10:35:04'),(157,'Venus is not visible with the naked eye.','Dunbar, Brian. \'Fab Five\' Make Rare Appearance in Night Sky. NASA, NASA, www.nasa.gov/vision/universe/watchtheskies/fab_five.html.',1,'2018-09-17 10:35:04'),(158,'Of the 4 terrestrial planets, Venus\' atmosphere is the ____ dense.',NULL,0,'2018-09-17 10:35:04'),(159,'Venus\' atmosphere contains about _____ % of carbon dioxide.','NASA, NASA, er.jsc.nasa.gov/seh/venus.html.',1,'2018-09-17 10:35:04'),(160,'The surface pressure on Venus is _____ times that of earth.','Esa. Venus Compared to Earth. European Space Agency, www.esa.int/Our_Activities/Space_Science/Venus_Express/Venus_compared_to_Earth.',1,'2018-09-17 10:35:04'),(161,'Venus has a mean surface temperature of _____ degrees F.','Esa. Venus Compared to Earth. European Space Agency, www.esa.int/Our_Activities/Space_Science/Venus_Express/Venus_compared_to_Earth.',1,'2018-09-17 10:35:04'),(162,'Venus\'s surface is not visible due to its _____.','Dunbar, Brian. The Planet Venus. NASA, NASA, www.nasa.gov/audience/forstudents/5-8/features/F_The_Planet_Venus_5-8.html.',1,'2018-09-17 10:35:04'),(163,'About _____ % of the Venusian surface is covered by volcanic plains.','The Surface Features of Venus. The Universe of Aristotle and Ptolemy, and the Role of Eratosthenes, www.pas.rochester.edu/~blackman/ast104/vsurface.html.',1,'2018-09-17 10:35:04'),(164,'An intense burst of radiation coming from the release of magnetic energy is a _____?','The Active Sun. Astronomy: a Beginner\'s Guide to the Universe, by Eric Chaisson and S. McMillan, Addison-Wesley, 2010, p. 256.',1,'2018-09-17 10:35:04'),(165,'Much of the Venusian surface was shaped by _____.','D.L. Bindschadler (1995). \"Magellan: A new view of Venus\' geology and geophysics\". American Geophysical Union.',1,'2018-09-17 10:35:04'),(166,'A gigantic magnetic \"bubble\" of ionized gas that separates from the rest of the solar atmosphere and escapes into space is a _____?','The Active Sun. Astronomy: a Beginner\'s Guide to the Universe, by Eric Chaisson and S. McMillan, Addison-Wesley, 2010, p. 257.',1,'2018-09-17 10:35:04'),(167,'The solar wind escapes mostly through solar \"windows\" called _____?','The Active Sun. Astronomy: a Beginner\'s Guide to the Universe, by Eric Chaisson and S. McMillan, Addison-Wesley, 2010, p. 257.',1,'2018-09-17 10:35:04'),(168,'Can Earth\'s magnetic fields become disrupted if a coronal mass ejection comes in contact with Earth?','The Active Sun. Astronomy: a Beginner\'s Guide to the Universe, by Eric Chaisson and S. McMillan, Addison-Wesley, 2010, p. 257.',1,'2018-09-17 10:35:04'),(169,'Nuclear fusion is the only know energy-generation mechanism that can conceivably account for the Sun\'s enormous _____?','The Heart of the Sun. Astronomy: a Beginner\'s Guide to the Universe, by Eric Chaisson and S. McMillan, Addison-Wesley, 2010, p. 258.',1,'2018-09-17 10:35:04'),(170,'The process of combining light nuclei into heavier ones, often releasing energy in the process is _____?','The Heart of the Sun. Astronomy: a Beginner\'s Guide to the Universe, by Eric Chaisson and S. McMillan, Addison-Wesley, 2010, p. 258.',1,'2018-09-17 10:35:04'),(171,'_____ is the hypothesized glow of Venus\' dark side.','2000JBAA..110..325B Page 325. SAO/NASA ADS: ADS Home Page, adsabs.harvard.edu/full/2000JBAA..110..325B.',1,'2018-09-17 10:35:04'),(172,'Venus is said to be sometimes visible during the day light.',NULL,0,'2018-09-17 10:35:04'),(173,'Venus is sometimes called Earth\'s \"_____\" due to similarities in the planets.','NASA, NASA, apod.nasa.gov/apod/ap950815.html.',1,'2018-09-17 10:35:04'),(174,'The pressure on Venus feels like approximately _____ feet underwater on Earth.','Basilevsky, Alexandr T.; Head, James W. (2003). \"The surface of Venus\". Rep. Prog. Phys. 66 (10): 16991734.',1,'2018-09-17 10:35:04'),(175,'Venus\'s magnetic field is much _____ than that of Earth.','In Depth | Venus  Solar System Exploration: NASA Science. NASA, NASA, 12 June 2018, solarsystem.nasa.gov/planets/venus/in-depth/.',1,'2018-09-17 10:35:04'),(176,'The United States had the world\'s first successful interplanetary mission to Venus in the year _____.','NASA, NASA, nssdc.gsfc.nasa.gov/planetary/chronology_venus.html.',1,'2018-09-17 10:35:04'),(177,'The first color images of the surface of Venus were obtained in _____.','NASA, NASA, nssdc.gsfc.nasa.gov/photo_gallery/photogallery-venus.html.',1,'2018-09-17 10:35:04'),(178,'Which country has not sent a space craft to Venus?','NASA, NASA, nssdc.gsfc.nasa.gov/planetary/chronology_venus.html.',1,'2018-09-17 10:35:04'),(179,'The _____ space craft first discovered the extreme high winds speeds on Venus.','In Depth | Mariner 10  Solar System Exploration: NASA Science. NASA, NASA, 26 Jan. 2018, solarsystem.nasa.gov/missions/mariner-10/in-depth/.',1,'2018-09-17 10:35:04'),(180,'Russia\'s _____ was the first space probe to perform an in-place analysis of the environment from another planet.',NULL,0,'2018-09-17 10:35:04'),(181,'Venus has an average orbital speed of _____ miles per second.','NASA, NASA, nssdc.gsfc.nasa.gov/planetary/factsheet/venusfact.html.',1,'2018-09-17 10:35:04'),(182,'Using orbital space craft we are able to understand the internal structure of Venus.',NULL,0,'2018-09-17 10:35:04'),(183,'Venus\'s oceans may have boiled away due to _____ greenhouse effect.','Rasool, I.; De Bergh, C. (Jun 1970). \"The Runaway Greenhouse and the Accumulation of CO2 in the Venus Atmosphere\" (PDF). Nature. 226 (5250): 10371039.',1,'2018-09-17 10:35:04'),(184,'The Venusian surface is estimated to be _____ million years old.','Nimmo, F.; McKenzie, D. (1998). \"Volcanism and Tectonics on Venus\". Annual Review of Earth and Planetary Sciences. 26',1,'2018-09-17 10:35:04'),(185,'The moon has had a total of _____ human visitors.','Earth\'s Moon. NASA, NASA, 25 Jan. 2018, solarsystem.nasa.gov/moons/earths-moon/overview/.',1,'2018-09-17 10:35:04'),(186,'Earth\'s moon is the _____ largest moon in the solar system.','In Depth | About the Moon  Moon: NASA Science. NASA, NASA, 12 June 2018, moon.nasa.gov/about/in-depth/.',1,'2018-09-17 10:35:04'),(187,'The moon was likely formed after a _____ sized body collided with Earth.','In Depth | About the Moon  Moon: NASA Science. NASA, NASA, 12 June 2018, moon.nasa.gov/about/in-depth/.',1,'2018-09-17 10:35:04'),(188,'The moon is approximately _____% the size of Earth when comparing mean radiuses.','Wieczorek, Mark A.; et al. (2006). \"The constitution and structure of the lunar interior\". Reviews in Mineralogy and Geochemistry. 60 (1): 221364.',1,'2018-09-17 10:35:04'),(189,'The moon orbits earth at a distance of about _____ miles.','In Depth | About the Moon  Moon: NASA Science. NASA, NASA, 12 June 2018, moon.nasa.gov/about/in-depth/.',1,'2018-09-17 10:35:04'),(190,'The moon makes a complete orbit around Earth in _____ earth days.','In Depth | About the Moon  Moon: NASA Science. NASA, NASA, 12 June 2018, moon.nasa.gov/about/in-depth/.',1,'2018-09-17 10:35:04'),(191,'The moon has rings.','In Depth | About the Moon  Moon: NASA Science. NASA, NASA, 12 June 2018, moon.nasa.gov/about/in-depth/.',1,'2018-09-17 10:35:04'),(192,'Astronauts have brought back a total of_____ pounds of lunar rocks.','NASA, NASA, curator.jsc.nasa.gov/lunar/index.cfm.',1,'2018-09-17 10:35:04'),(193,'The moon stabilizes the Earth\'s wobble.','In Depth | About the Moon  Moon: NASA Science. NASA, NASA, 12 June 2018, moon.nasa.gov/about/in-depth/.',1,'2018-09-17 10:35:04'),(194,'An international law written in _____ prevents any single nation from owning planets.','Garber, Stephen J. Outer Space Treaty of 1967. NASA, NASA, 26 Oct. 2006, history.nasa.gov/1967treaty.html.',1,'2018-09-17 10:35:04'),(195,'The Lunar Reconnaissance Orbiter was a lunar orbiter that NASA launched in _____.','NASA, NASA, science.nasa.gov/missions/lunar-reconnaisance-orbiter.',1,'2018-09-17 10:35:04'),(196,'_____ was the first robotic mission to return a sample of the moon to Earth.','Burrows, William E. (1999). This New Ocean: The Story of the First Space Age. Modern Library. p. 432.',1,'2018-09-17 10:35:04'),(197,'The first time man walked on the moon was on the American mission _____.','Jones, Eric M., ed. (1995). \"The First Lunar Landing\". Apollo 11 Lunar Surface Journal. NASA. Retrieved June 13, 2013.',1,'2018-09-17 10:35:04'),(198,'_____ is known for the saying \"That\'s one small step for (a) man, one giant leap for mankind.\"','Jones, Eric M. \"One Small Step, time 109:24:23\". Apollo 11 Surface Journal. NASA.',1,'2018-09-17 10:35:04'),(199,'Despite studying the moon for thousands of years, the far side was unobserved until the year _____.','Harvey, Brian (2011). Russian space probes : scientific discoveries and future missions. New York: Springer. p. 158.',1,'2018-09-17 10:35:04'),(200,'The moon has a radius of _____ miles.','In Depth | About the Moon  Moon: NASA Science. NASA, NASA, 12 June 2018, moon.nasa.gov/about/in-depth/.',1,'2018-09-17 10:35:04'),(201,'The moon rotates at the same rate that it revolves around Earth. This is called _____.','In Depth | About the Moon  Moon: NASA Science. NASA, NASA, 12 June 2018, moon.nasa.gov/about/in-depth/.',1,'2018-09-17 10:35:04'),(202,'_____ causes the same hemisphere of the moon to face Earth at all times.','In Depth | About the Moon  Moon: NASA Science. NASA, NASA, 12 June 2018, moon.nasa.gov/about/in-depth/.',1,'2018-09-17 10:35:04'),(203,'The inner most core of the moon is solid.','In Depth | About the Moon  Moon: NASA Science. NASA, NASA, 12 June 2018, moon.nasa.gov/about/in-depth/.',1,'2018-09-17 10:35:04'),(204,'The moon has active volcanoes.','In Depth | About the Moon  Moon: NASA Science. NASA, NASA, 12 June 2018, moon.nasa.gov/about/in-depth/.',1,'2018-09-17 10:35:04'),(205,'The light areas on the moon are known as _____.','In Depth | About the Moon  Moon: NASA Science. NASA, NASA, 12 June 2018, moon.nasa.gov/about/in-depth/.',1,'2018-09-17 10:35:04'),(206,'The dark features on the moon are known as _____.','In Depth | About the Moon  Moon: NASA Science. NASA, NASA, 12 June 2018, moon.nasa.gov/about/in-depth/.',1,'2018-09-17 10:35:04'),(207,'There dark features on the moon are impact basins that were filled with _____.','In Depth | About the Moon  Moon: NASA Science. NASA, NASA, 12 June 2018, moon.nasa.gov/about/in-depth/.',1,'2018-09-17 10:35:04'),(208,'The charcoal-gray colored powdery dust that covers the moon is known as _____.','In Depth | About the Moon  Moon: NASA Science. NASA, NASA, 12 June 2018, moon.nasa.gov/about/in-depth/.',1,'2018-09-17 10:35:04'),(209,'The layer of the moon under the powdery dust is referred to as _____.','In Depth | About the Moon  Moon: NASA Science. NASA, NASA, 12 June 2018, moon.nasa.gov/about/in-depth/.',1,'2018-09-17 10:35:04'),(210,'The gravity on the moon is ____ of the Earths.','In Depth | About the Moon  Moon: NASA Science. NASA, NASA, 12 June 2018, moon.nasa.gov/about/in-depth/.',1,'2018-09-17 10:35:04'),(211,'The moon\'s axial tilt is _____ degrees to the orbit plane.','Lang, Kenneth R. (2011), The Cambridge Guide to the Solar System Archived 1 January 2016 at the Wayback Machine., 2nd ed., Cambridge University Press.',1,'2018-09-17 10:35:04'),(212,'The world\'s first human-made object to escape Earth\'s gravity and pass near the moon was the \"Luna _____\".','In Depth | Luna 01  Solar System Exploration: NASA Science. NASA, NASA, 13 Feb. 2018, solarsystem.nasa.gov/missions/luna-01/in-depth/.',1,'2018-09-17 10:35:04'),(213,'The world\'s first human-made object to impact the moon was the \"Luna _____\".','In Depth | Luna 02  Solar System Exploration: NASA Science. NASA, NASA, 14 Feb. 2018, solarsystem.nasa.gov/missions/luna-02/in-depth/.',1,'2018-09-17 10:35:04'),(214,'The first photos taken of the far side of the moon were from the \"Luna _____\".','Harvey, Brian (2011). Russian space probes : scientific discoveries and future missions. New York: Springer. p. 158.',1,'2018-09-17 10:35:04'),(215,'The first space craft to perform a successful soft landing on the moon was the \"Luna _____\".','Spudis, P.D. (2004). \"Moon\". World Book Online Reference Center, NASA. Archived from the original on 3 July 2013.',1,'2018-09-17 10:35:04'),(216,'_____ was the name of a proposed U.S. Army base on the moon during the Cold War.','Project Horizon Report: Volume I, Summary and Supporting Considerations. United States Army. June 9, 1959.',1,'2018-09-17 10:35:04'),(217,'_____ was the name of a proposed U.S. Air Force base on the moon during the Cold War.','Space Systems Division, Air Force Systems Command, Lunar Expedition Plan, May 1961',1,'2018-09-17 10:35:04'),(218,'_____ was the president who committed to landing man on the moon.','Beschloss, Michael R. (1997). \"Kennedy and the Decision to Go to the Moon\". In Launius, Roger D.; McCurdy, Howard E. Spaceflight and the Myth of Presidential Leadership. Champaign, IL: University of Illinois Press.',1,'2018-09-17 10:35:04'),(219,'The _____ missions produced maps of the entire moon.','Bowker, David E. and J. Kenrick Hughes, Lunar Orbiter Photographic Atlas of the Moon, NASA SP-206 (1971).',1,'2018-09-17 10:35:04'),(220,'This law states that the sum of mass and energy must always remain constant in any physical process.','The Heart of the Sun. Astronomy: a Beginner\'s Guide to the Universe, by Eric Chaisson and S. McMillan, Addison-Wesley, 2010, p. 259.',1,'2018-09-17 10:35:04'),(221,'What is the lightest and most common element in the universe?','Lochner, Dr. James C, et al. What Is Your Cosmic Connection to the Elements? What Is Your Cosmic Connection to the Elements?, 2005, www.nasa.gov/pdf/190387main_Cosmic_Elements.pdf.',1,'2018-09-17 10:35:04'),(222,'How old is the Sun?','Shekhtman, Lonnie, et al. Sun. NASA, NASA, 12 Aug. 2018, solarsystem.nasa.gov/solar-system/sun/overview/.',1,'2018-09-17 10:35:04'),(223,'What type of star is the Sun?','Shekhtman, Lonnie, et al. Sun. NASA, NASA, 12 Aug. 2018, solarsystem.nasa.gov/solar-system/sun/overview/.',1,'2018-09-17 10:35:04'),(224,'The gravity of the _____ holds our solar system together.','Shekhtman, Lonnie, et al. Sun. NASA, NASA, 12 Aug. 2018, solarsystem.nasa.gov/solar-system/sun/in-depth/',1,'2018-09-17 10:35:04'),(225,'Which planet(s) in our solar system have no moon(s)?','How Many Moons? NASA, NASA, 7 Aug. 2018, spaceplace.nasa.gov/how-many-moons/en/.',1,'2018-09-17 10:35:04'),(226,'How many planets are in our solar system?','Shekhtman, Lonnie, et al. Our Solar System. NASA, NASA, 25 Jan. 2018, solarsystem.nasa.gov/solar-system/our-solar-system/overview/.',1,'2018-09-17 10:35:04'),(227,'How many dwarf planets are in our solar system?','Shekhtman, Lonnie, et al. Our Solar System. NASA, NASA, 25 Jan. 2018, solarsystem.nasa.gov/solar-system/our-solar-system/overview/.',1,'2018-09-17 10:35:04'),(228,'The _____ mission was the first U.S. mission to land on the moon.','NASA, NASA, science.nasa.gov/missions/ranger.',1,'2018-09-17 10:35:04'),(229,'All of the planets orbit the Sun in a _____ motion.','An Inventory of the Solar System. Astronomy: a Beginner\'s Guide to the Universe, by Eric Chaisson and S. McMillan, Addison-Wesley, 2010, p. 102.',1,'2018-09-17 10:35:04'),(230,'These planets are known as the terrestrial planets.','An Inventory of the Solar System. Astronomy: a Beginner\'s Guide to the Universe, by Eric Chaisson and S. McMillan, Addison-Wesley, 2010, p. 104.',1,'2018-09-17 10:35:04'),(231,'The _____ spacecraft was Japan\'s first lunar orbiter.','In Depth | Hiten  Solar System Exploration: NASA Science. NASA, NASA, 13 July 2018, solarsystem.nasa.gov/missions/hiten/in-depth/.',1,'2018-09-17 10:35:04'),(232,'These planets are known as the jovian planets.','An Inventory of the Solar System. Astronomy: a Beginner\'s Guide to the Universe, by Eric Chaisson and S. McMillan, Addison-Wesley, 2010, p. 104.',1,'2018-09-17 10:35:04'),(233,'This region in the plane of the solar system outside the orbit of Neptune that houses millions of icy, rocky objects is called the _____.','Interplanetary Matter. Astronomy: a Beginner\'s Guide to the Universe, by Eric Chaisson and S. McMillan, Addison-Wesley, 2010, p. 113.',1,'2018-09-17 10:35:04'),(234,'NASA distributes nearly _____ lunar rock samples per year for destructive and nondestructive research.','NASA, NASA, curator.jsc.nasa.gov/lunar/index.cfm.',1,'2018-09-17 10:35:04'),(235,'The dark spots on the moon, known as maria, account for _____ % of the moon.','Lecture 30: The Moon. GPS and Relativity, www.astronomy.ohio-state.edu/~pogge/Ast161/Unit5/moon.html.',1,'2018-09-17 10:35:04'),(236,'A _____ occurs when the Moon passes directly behind the Earth, and into its shadow.','Dunbar, Brian. Information on the July 27, 2018, Lunar Eclipse. NASA, NASA, 23 July 2018, www.nasa.gov/feature/information-on-the-july-27-2018-lunar-eclipse.',1,'2018-09-17 10:35:04'),(237,'A _____ occurs when the Moon passes between the Sun and Earth, and an observer is in the Moon\'s shadow.','NASA, NASA, eclipse2017.nasa.gov/.',1,'2018-09-17 10:35:04'),(238,'A lunar eclipse lasts longer than a solar eclipse.','Century\'s Longest Lunar Eclipse July 27. EarthSky, earthsky.org/tonight/centurys-longest-lunar-eclipse-july-27.',1,'2018-09-17 10:35:04'),(239,'The Moon\'s orbit is circular, not elliptical.','NASA, NASA, eclipse.gsfc.nasa.gov/SEhelp/moonorbit.html.',1,'2018-09-17 10:35:04'),(240,'The earliest known lunar calendar was found in _____ and has been dated to c.8000 bc.','Nancy Owano, Scotland lunar-calendar find sparks Stone Age rethink, Phys.org, 27 July 2013',1,'2018-09-17 10:35:04'),(241,'It is a myth that the Moon\'s gravity causes the oceans tides.','In Depth | About the Moon  Moon: NASA Science. NASA, NASA, 12 June 2018, moon.nasa.gov/about/in-depth/.',1,'2018-09-17 10:35:04'),(242,'The moon orbits the earth _____.','Orbit and Phases of the Moon. The Universe of Aristotle and Ptolemy, and the Role of Eratosthenes, www.pas.rochester.edu/~blackman/ast104/moonorbit.html.',1,'2018-09-17 10:35:04'),(243,'How many moons are held in the orbits of our planets?','Shekhtman, Lonnie, et al. Our Solar System. NASA, NASA, 25 Jan. 2018, solarsystem.nasa.gov/solar-system/our-solar-system/overview/.',1,'2018-09-17 10:35:04'),(244,' When a month has two full moons, the second full moon is called a _____.','Dunbar, Brian. Blue Moon. NASA, NASA, www.nasa.gov/vision/universe/watchtheskies/07jul_bluemoon.html.',1,'2018-09-17 10:35:04'),(245,'_____ is the only month that can go without a full moon, which occurs every 29 months.','Dorothy Morrison (2004). Everyday Moon Magic Spells and Rituals for Abundant Living. Llewellyn Publications. p. 43.',1,'2018-09-17 10:35:04'),(246,'An example of interplanetary matter is ','Interplanetary Matter. Astronomy: a Beginner\'s Guide to the Universe, by Eric Chaisson and S. McMillan, Addison-Wesley, 2010, p. 105.',1,'2018-09-17 10:35:04'),(247,'Man first landed on the moon in the year _____.','Dunbar, Brian. July 20, 1969: One Giant Leap For Mankind. NASA, NASA, 19 Feb. 2015, www.nasa.gov/mission_pages/apollo/apollo11.html.',1,'2018-09-17 10:35:04'),(248,'The moon is slowly moving towards the Earth.','In Depth | Earth\'s Moon  Solar System Exploration: NASA Science. NASA, NASA, 9 Apr. 2018, solarsystem.nasa.gov/moons/earths-moon/in-depth/.',1,'2018-09-17 10:35:04'),(249,'How many humans have walked on the Moon?','Earth\'s Moon. NASA, NASA, 25 Jan. 2018, solarsystem.nasa.gov/moons/earths-moon/overview/.',1,'2018-09-17 10:35:04'),(250,'The thick bubble of icy debris that surrounds our solar system is the _____?','Shekhtman, Lonnie, et al. Oort Cloud. NASA, NASA, 23 Jan. 2018, solarsystem.nasa.gov/solar-system/oort-cloud/overview/.',1,'2018-09-17 10:35:04'),(251,'How many known asteroids are in our solar system?','Shekhtman, Lonnie, et al. Our Solar System. NASA, NASA, 25 Jan. 2018, solarsystem.nasa.gov/solar-system/our-solar-system/overview/.',1,'2018-09-17 10:35:04'),(252,'How many known comets are in our solar system?','Shekhtman, Lonnie, et al. Our Solar System. NASA, NASA, 25 Jan. 2018, solarsystem.nasa.gov/solar-system/our-solar-system/overview/.',1,'2018-09-17 10:35:04'),(253,'Mercury is the _____ closest planet to the Sun.',NULL,1,'2018-09-17 10:35:04'),(254,'Mercury is the smallest planet in our solar system.',NULL,1,'2018-09-17 10:35:04'),(255,'Mercury is smaller than Earth\'s moon.',NULL,1,'2018-09-17 10:35:04'),(256,'One day on Mercury is equivalent to _____ Earth days. ',NULL,1,'2018-09-17 10:35:04'),(257,'Mercury makes a complete orbit around the Sun every _____ Earth days.',NULL,1,'2018-09-17 10:35:04'),(258,'Mercury completes one full rotation in _____ Earth days.',NULL,1,'2018-09-17 10:35:04'),(259,'Mercury is not a terrestrial planet.',NULL,1,'2018-09-17 10:35:04'),(260,'Mercury has _____ moons.',NULL,1,'2018-09-17 10:35:04'),(261,'Mercury has _____ rings.',NULL,1,'2018-09-17 10:35:04'),(262,'Daytime temperatures on Mercury can reach _____ degrees F.',NULL,1,'2018-09-17 10:35:04'),(263,'Nighttime temperatures on Mercury can get down to _____ degrees F.',NULL,1,'2018-09-17 10:35:04'),(264,'A total of _____ missions have visited Mercury.',NULL,1,'2018-09-17 10:35:04'),(265,'Mercury has a diameter of _____ miles.',NULL,1,'2018-09-17 10:35:04'),(266,'One astronomical unit is the average distance of _____.','The Laws of Planetary Motion. Astronomy: a Beginner\'s Guide to the Universe, by Eric Chaisson and S. McMillan, Addison-Wesley, 2010, p. 33.',1,'2018-09-17 10:35:04'),(267,'Mercury gets as close as _____ miles from the Sun.',NULL,1,'2018-09-17 10:35:04'),(268,'Mercury gets as far away as _____ million miles from the Sun.',NULL,1,'2018-09-17 10:35:04'),(269,'On Mercury, one full day-night cycle takes over 2 Mercury years.',NULL,1,'2018-09-17 10:35:04'),(270,'Mercury\'s axis of rotation is tilted at _____ degrees.',NULL,1,'2018-09-17 10:35:04'),(271,'Mercury is the _____ most dense planet.',NULL,1,'2018-09-17 10:35:04'),(272,'Mercury posses an _____.',NULL,1,'2018-09-17 10:35:04'),(273,'A _____ is when a planet passes in front of the Sun with respect to Earth.',NULL,1,'2018-09-17 10:35:04'),(274,'Mercury has _____ transits per century.',NULL,1,'2018-09-17 10:35:04'),(275,'_____ was the first space craft to Mercury.',NULL,1,'2018-09-17 10:35:04'),(276,'The _____ space craft flew by Mercury three times and orbited the planet for four years.',NULL,1,'2018-09-17 10:35:04'),(277,'The _____ is a mission to Mercury that launches in October 2018 and Arrives in 2025.',NULL,1,'2018-09-17 10:35:04'),(278,'Mercury was first observed by telescope in _____.',NULL,1,'2018-09-17 10:35:04'),(279,'Mercury is an iceless planet.',NULL,1,'2018-09-17 10:35:04'),(280,'At the end of MESSENGER\'s mission to Mercury, it deliberately crashed into the planet.',NULL,1,'2018-09-17 10:35:04'),(281,'About how many years does it take for our solar system to complete one orbit around the galactic center?','Shekhtman, Lonnie, et al. Our Solar System. NASA, NASA, 25 Jan. 2018, solarsystem.nasa.gov/solar-system/our-solar-system/overview/.',1,'2018-09-17 10:37:11'),(282,'How fast does our solar system travel orbit the center of the Milky Way Galaxy?','Shekhtman, Lonnie, et al. Our Solar System. NASA, NASA, 25 Jan. 2018, solarsystem.nasa.gov/solar-system/our-solar-system/overview/.',1,'2018-09-17 10:46:18'),(283,'A unit of measurement that is used to measure the distance light travels in one Earth year.','Erickson, Kristen. What Is a Light-Year? NASA, NASA, 23 May 2018, spaceplace.nasa.gov/light-year/en/.',1,'2018-09-17 11:00:42'),(284,'A unit of measurement equal the 3.26 light years is known as a _____?','The Cosmic Distance Scale. NASA, NASA, 7 May 2018, imagine.gsfc.nasa.gov/features/cosmic/milkyway_info.html.',1,'2018-09-17 11:07:34'),(285,'The Milky Way Galaxy is what type of galaxy?','The Milky Way Galaxy. NASA, NASA, 4 Oct. 2017, imagine.gsfc.nasa.gov/science/objects/milkyway1.html.',1,'2018-09-17 11:11:41'),(286,'One thing all the jovian planets have in common is that they all have what?','Shekhtman, Lonnie, et al. Sun. NASA, NASA, 12 Aug. 2018, solarsystem.nasa.gov/solar-system/sun/overview/.',1,'2018-09-17 11:21:52'),(287,'test','',0,'2018-09-17 11:36:26'),(288,'Like the Earth has earthquakes, the Moon has moonquakes.','Latham, Gary; Ewing, Maurice; Dorman, James; Lammlein, David; Press, Frank; Toksz, Naft; Sutton, George; Duennebier, Fred; Nakamura, Yosio (1972). \"Moonquakes and lunar tectonism\". Earth, Moon, and Planets. 4 (34): 373382.',1,'2018-09-18 09:26:18'),(289,'The existence of moonquakes on the Moon was a discovery made by the _____ missions.','Latham, Gary; Ewing, Maurice; Dorman, James; Lammlein, David; Press, Frank; Toksz, Naft; Sutton, George; Duennebier, Fred; Nakamura, Yosio (1972). \"Moonquakes and lunar tectonism\". Earth, Moon, and Planets. 4 (34): 373382.',1,'2018-09-18 09:32:43'),(290,'_____ is the release of a gas that was dissolved, trapped, frozen or absorbed in some material.','Strong, John (1938). Procedures in Experimental Physics. Bradley, IL: Lindsay Publications., Chapter 3',1,'2018-09-25 09:39:03'),(291,'How many Earth days is equal to one Earth year?','Earth. NASA, NASA, 15 Sept. 2018, solarsystem.nasa.gov/planets/earth/overview/.',1,'2018-09-27 19:24:42'),(292,'Earth is the _____ planet from the Sun.','In Depth | Earth  Solar System Exploration: NASA Science. NASA, NASA, 9 Apr. 2018, solarsystem.nasa.gov/planets/earth/in-depth/.',1,'2018-09-27 19:26:17'),(293,'Earth is the _____ largest planet in our solar system.','In Depth | Earth  Solar System Exploration: NASA Science. NASA, NASA, 9 Apr. 2018, solarsystem.nasa.gov/planets/earth/in-depth/.',1,'2018-09-27 19:28:29'),(294,'Earth is the largest of what planet grouping?','In Depth | Earth  Solar System Exploration: NASA Science. NASA, NASA, 9 Apr. 2018, solarsystem.nasa.gov/planets/earth/in-depth/.',1,'2018-09-27 19:33:05'),(295,'About how old is the name Earth?','In Depth | Earth  Solar System Exploration: NASA Science. NASA, NASA, 9 Apr. 2018, solarsystem.nasa.gov/planets/earth/in-depth/.',1,'2018-09-27 19:35:09'),(296,'All of the planets in our solar system were named after Greek and Roman gods and goddesses?','In Depth | Earth  Solar System Exploration: NASA Science. NASA, NASA, 9 Apr. 2018, solarsystem.nasa.gov/planets/earth/in-depth/.',1,'2018-09-27 19:40:11'),(297,'Earth is the only planet not named after a Greek or Roman god or goddess.','In Depth | Earth  Solar System Exploration: NASA Science. NASA, NASA, 9 Apr. 2018, solarsystem.nasa.gov/planets/earth/in-depth/.',1,'2018-09-27 19:40:51'),(298,'The name Earth is a Germanic word, which simply means _____.','In Depth | Earth  Solar System Exploration: NASA Science. NASA, NASA, 9 Apr. 2018, solarsystem.nasa.gov/planets/earth/in-depth/.',1,'2018-09-27 19:44:14'),(299,'How many moons does Earth have?','In Depth | Earth  Solar System Exploration: NASA Science. NASA, NASA, 9 Apr. 2018, solarsystem.nasa.gov/planets/earth/in-depth/.',1,'2018-09-27 19:45:54'),(300,'How many Astronomical units (abbreviated as AU) is Earth located from the Sun?','In Depth | Earth  Solar System Exploration: NASA Science. NASA, NASA, 9 Apr. 2018, solarsystem.nasa.gov/planets/earth/in-depth/.',1,'2018-09-27 20:02:44'),(301,'What is is an Astronomical Unit?','In Depth | Earth  Solar System Exploration: NASA Science. NASA, NASA, 9 Apr. 2018, solarsystem.nasa.gov/planets/earth/in-depth/.',1,'2018-09-27 20:05:10'),(302,'What is the distance of one Astronomical Unit?','In Depth | Earth  Solar System Exploration: NASA Science. NASA, NASA, 9 Apr. 2018, solarsystem.nasa.gov/planets/earth/in-depth/.',1,'2018-09-27 20:06:42'),(303,'About how long does it take for sunlight to reach the Earth?','In Depth | Earth  Solar System Exploration: NASA Science. NASA, NASA, 9 Apr. 2018, solarsystem.nasa.gov/planets/earth/in-depth/.',1,'2018-09-27 20:07:44'),(304,'How long does it take Earth to complete one rotation?','In Depth | Earth  Solar System Exploration: NASA Science. NASA, NASA, 9 Apr. 2018, solarsystem.nasa.gov/planets/earth/in-depth/.',1,'2018-09-27 20:09:24'),(305,'How long does it take the Earth to complete an orbit around the Sun?','In Depth | Earth  Solar System Exploration: NASA Science. NASA, NASA, 9 Apr. 2018, solarsystem.nasa.gov/planets/earth/in-depth/.',1,'2018-09-27 20:10:44'),(306,'Earth\'s yearly cycle of seasons occurs because of our planet\'s _____.','In Depth | Earth  Solar System Exploration: NASA Science. NASA, NASA, 9 Apr. 2018, solarsystem.nasa.gov/planets/earth/in-depth/.',1,'2018-09-27 20:23:25'),(307,'What season occurs when the northern hemisphere is titled towards the Sun?','In Depth | Earth  Solar System Exploration: NASA Science. NASA, NASA, 9 Apr. 2018, solarsystem.nasa.gov/planets/earth/in-depth/.',1,'2018-09-27 20:26:53'),(308,'What season occurs when the northern hemisphere is tilted away from the Sun?','In Depth | Earth  Solar System Exploration: NASA Science. NASA, NASA, 9 Apr. 2018, solarsystem.nasa.gov/planets/earth/in-depth/.',1,'2018-09-27 20:27:37'),(309,'How many main layers of the Earth is there?','In Depth | Earth  Solar System Exploration: NASA Science. NASA, NASA, 9 Apr. 2018, solarsystem.nasa.gov/planets/earth/in-depth/.',1,'2018-09-29 02:34:01'),(310,'What is the inner most layer of the Earth called?','In Depth | Earth  Solar System Exploration: NASA Science. NASA, NASA, 9 Apr. 2018, solarsystem.nasa.gov/planets/earth/in-depth/.',1,'2018-09-29 02:34:48'),(311,'What is the outer most layer of the Earth called?','In Depth | Earth  Solar System Exploration: NASA Science. NASA, NASA, 9 Apr. 2018, solarsystem.nasa.gov/planets/earth/in-depth/.',1,'2018-09-29 02:35:25'),(312,'What is the temperature of the Earth\'s inner core?','In Depth | Earth  Solar System Exploration: NASA Science. NASA, NASA, 9 Apr. 2018, solarsystem.nasa.gov/planets/earth/in-depth/.',1,'2018-09-29 02:37:11'),(313,'What is the Earth\'s thickest layer?','In Depth | Earth  Solar System Exploration: NASA Science. NASA, NASA, 9 Apr. 2018, solarsystem.nasa.gov/planets/earth/in-depth/.',1,'2018-09-29 02:39:02'),(314,'What is the Earth\'s thinnest layer?','In Depth | Earth  Solar System Exploration: NASA Science. NASA, NASA, 9 Apr. 2018, solarsystem.nasa.gov/planets/earth/in-depth/.',1,'2018-09-29 02:40:16'),(315,'The North American plate moves west over the Pacific Ocean basin?','In Depth | Earth  Solar System Exploration: NASA Science. NASA, NASA, 9 Apr. 2018, solarsystem.nasa.gov/planets/earth/in-depth/.',1,'2018-09-29 02:42:21'),(316,'Earth\'s global ocean covers what percent of the planet\'s surface?','In Depth | Earth  Solar System Exploration: NASA Science. NASA, NASA, 9 Apr. 2018, solarsystem.nasa.gov/planets/earth/in-depth/.',1,'2018-09-29 02:44:06'),(317,'Earth\'s longest mountain range located underwater?','In Depth | Earth  Solar System Exploration: NASA Science. NASA, NASA, 9 Apr. 2018, solarsystem.nasa.gov/planets/earth/in-depth/.',1,'2018-09-29 02:45:56'),(318,'All of Earth\'s volcanoes are hidden under our oceans.','In Depth | Earth  Solar System Exploration: NASA Science. NASA, NASA, 9 Apr. 2018, solarsystem.nasa.gov/planets/earth/in-depth/.',1,'2018-09-29 02:47:23'),(319,'What gas primarily makes up Earth\'s atmosphere?','In Depth | Earth  Solar System Exploration: NASA Science. NASA, NASA, 9 Apr. 2018, solarsystem.nasa.gov/planets/earth/in-depth/.',1,'2018-09-29 14:14:24'),(320,'Earth is the only planet that has a single moon?','In Depth | Earth  Solar System Exploration: NASA Science. NASA, NASA, 9 Apr. 2018, solarsystem.nasa.gov/planets/earth/in-depth/.',1,'2018-09-29 20:13:22'),(321,'The moon has a direct effect on Earth\'s wobble.','In Depth | Earth  Solar System Exploration: NASA Science. NASA, NASA, 9 Apr. 2018, solarsystem.nasa.gov/planets/earth/in-depth/.',1,'2018-09-29 23:43:17'),(322,'Can the magnetic polarity of Earth change?','In Depth | Earth  Solar System Exploration: NASA Science. NASA, NASA, 9 Apr. 2018, solarsystem.nasa.gov/planets/earth/in-depth/.',1,'2018-10-01 23:51:26'),(323,'When charged particles from the solar wind collide with air molecules above our planet\'s magnetic poles, this creates _____.','In Depth | Earth  Solar System Exploration: NASA Science. NASA, NASA, 9 Apr. 2018, solarsystem.nasa.gov/planets/earth/in-depth/.',1,'2018-10-02 00:22:42'),(324,'The zone of charged particles trapped by our planet\'s magnetic field forms Earth\'s _____.','Earth and the Moon in Bulk. Astronomy: a Beginner\'s Guide to the Universe, by Eric Chaisson and S. McMillan, Addison-Wesley, 2010, p. 136.',1,'2018-10-02 10:41:48'),(325,'A familiar hydrospheric phenomenon is the daily fluctuation in ocean level know as the _____.','The Tides. Astronomy: a Beginner\'s Guide to the Universe, by Eric Chaisson and S. McMillan, Addison-Wesley, 2010, p. 137.',1,'2018-10-02 10:49:57'),(326,'A tide just after a new or full moon, when there is the greatest difference between high and low water is known as _____.','The Tides. Astronomy: a Beginner\'s Guide to the Universe, by Eric Chaisson and S. McMillan, Addison-Wesley, 2010, p. 138.',1,'2018-10-02 11:09:11'),(327,'A neap tide is when high tides are a little lower than average and low tides are a little higher than average. ','The Tides. Astronomy: a Beginner\'s Guide to the Universe, by Eric Chaisson and S. McMillan, Addison-Wesley, 2010, p. 138.',1,'2018-10-02 11:11:54'),(328,'Earth\'s lowest layer of atmosphere is called the _____.','Atmospheres. Astronomy: a Beginner\'s Guide to the Universe, by Eric Chaisson and S. McMillan, Addison-Wesley, 2010, p. 141.',1,'2018-10-02 22:07:43'),(329,'Mount Everest is so tall that it breaks through the troposphere and into the stratosphere.','Atmospheres. Astronomy: a Beginner\'s Guide to the Universe, by Eric Chaisson and S. McMillan, Addison-Wesley, 2010, p. 141.',1,'2018-10-02 22:09:58'),(330,'Convection occurs in which layer of Earth\'s atmosphere?','Atmospheres. Astronomy: a Beginner\'s Guide to the Universe, by Eric Chaisson and S. McMillan, Addison-Wesley, 2010, p. 141.',1,'2018-10-02 22:14:09'),(331,'Convection is the constant upwelling of warm air and the concurrent downward flow of cooler air to take its place.','Atmospheres. Astronomy: a Beginner\'s Guide to the Universe, by Eric Chaisson and S. McMillan, Addison-Wesley, 2010, p. 141.',1,'2018-10-02 22:15:41'),(332,'The ozone layer lies within which layer of Earth\'s atmosphere?','Atmospheres. Astronomy: a Beginner\'s Guide to the Universe, by Eric Chaisson and S. McMillan, Addison-Wesley, 2010, p. 142.',1,'2018-10-02 22:19:58'),(333,'The Stefan-Boltzmann law says that the amount of energy radiated by an object is related to its temperature.','Multiwavelength Milky Way: Radiation Laws. NASA, NASA, 8 Feb. 2018, asd.gsfc.nasa.gov/archive/mwmw/mmw_bbody.html.',1,'2018-10-03 01:47:52'),(334,'The partial trapping of solar radiation by a planetary atmosphere is known as the _____','Atmospheres. Astronomy: a Beginner\'s Guide to the Universe, by Eric Chaisson and S. McMillan, Addison-Wesley, 2010, p. 142.',1,'2018-10-03 01:53:16'),(335,'An earthquake is define as a sudden dislocation of rocky material near Earth\'s surface.','Internal Structure of Earth and the Moon. Astronomy: a Beginner\'s Guide to the Universe, by Eric Chaisson and S. McMillan, Addison-Wesley, 2010, p. 145.',1,'2018-10-03 10:29:48'),(336,'Seismic waves move inward from the site of an earthquake.','Internal Structure of Earth and the Moon. Astronomy: a Beginner\'s Guide to the Universe, by Eric Chaisson and S. McMillan, Addison-Wesley, 2010, p. 145.',1,'2018-10-03 10:33:53'),(337,'What is the average thickness of Earth\'s crust?','Internal Structure of Earth and the Moon. Astronomy: a Beginner\'s Guide to the Universe, by Eric Chaisson and S. McMillan, Addison-Wesley, 2010, p. 146.',1,'2018-10-03 10:43:00'),(338,'The upwelling of hot lava from below Earth\'s crust to the planet\'s surface is a volcano.','Internal Structure of Earth and the Moon. Astronomy: a Beginner\'s Guide to the Universe, by Eric Chaisson and S. McMillan, Addison-Wesley, 2010, p. 146.',1,'2018-10-03 10:55:56'),(339,'Earth\'s central temperature is nearly equal to that of the Sun\'s surface.','Internal Structure of Earth and the Moon. Astronomy: a Beginner\'s Guide to the Universe, by Eric Chaisson and S. McMillan, Addison-Wesley, 2010, p. 146.',1,'2018-10-03 11:00:25'),(340,'_____ is responsible for creating the mountains, ocean trenches and many other large scale features across the face of the Earth.','Surface Activity on Earth. Astronomy: a Beginner\'s Guide to the Universe, by Eric Chaisson and S. McMillan, Addison-Wesley, 2010, p. 149.',1,'2018-10-03 11:09:29'),(341,'What is the technical term for the theory of plate movement?','Surface Activity on Earth. Astronomy: a Beginner\'s Guide to the Universe, by Eric Chaisson and S. McMillan, Addison-Wesley, 2010, p. 149.',1,'2018-10-03 11:14:28'),(342,'It is believed that sometime 200 million years ago, Earth was dominated by a supercontinent known as _____.','Surface Activity on Earth. Astronomy: a Beginner\'s Guide to the Universe, by Eric Chaisson and S. McMillan, Addison-Wesley, 2010, p. 150.',1,'2018-10-03 11:23:18'),(343,'The term Pangaea is of Greek origin and can be defined as \"_____\".','Surface Activity on Earth. Astronomy: a Beginner\'s Guide to the Universe, by Eric Chaisson and S. McMillan, Addison-Wesley, 2010, p.150.',1,'2018-10-03 11:29:52'),(344,'Which of the following by definition does not make a planet considered a planet?','Planets. NASA, NASA, 6 Feb. 2018, solarsystem.nasa.gov/planets/overview/.',1,'2018-10-03 15:25:20'),(345,'As of 2018 how many astronauts have orbited the moon?','Shekhtman, Lonnie, et al. Our Solar System. NASA, NASA, 25 Jan. 2018, solarsystem.nasa.gov/solar-system/our-solar-system/overview/.',1,'2018-10-03 15:41:58'),(346,'More than _____ robotic spacecraft have explored destinations beyond Earth orbit.','Shekhtman, Lonnie, et al. Our Solar System. NASA, NASA, 25 Jan. 2018, solarsystem.nasa.gov/solar-system/our-solar-system/overview/.',1,'2018-10-03 15:43:38'),(347,'Our solar system has an atmosphere of its own.','Shekhtman, Lonnie, et al. Our Solar System. NASA, NASA, 25 Jan. 2018, solarsystem.nasa.gov/solar-system/our-solar-system/overview/.',1,'2018-10-03 15:44:34'),(348,'Can a solar system have more than one star?','Shekhtman, Lonnie, et al. Our Solar System. NASA, NASA, 25 Jan. 2018, solarsystem.nasa.gov/solar-system/our-solar-system/in-depth/.',1,'2018-10-03 15:49:37'),(349,'What is a solar system called if it has two stars?','Shekhtman, Lonnie, et al. Our Solar System. NASA, NASA, 25 Jan. 2018, solarsystem.nasa.gov/solar-system/our-solar-system/in-depth/.',1,'2018-10-03 15:57:31'),(350,'What is a solar system called if it has three or more stars?','Shekhtman, Lonnie, et al. Our Solar System. NASA, NASA, 25 Jan. 2018, solarsystem.nasa.gov/solar-system/our-solar-system/in-depth/.',1,'2018-10-03 15:58:57'),(351,'Within the Milky Way Galaxy, where is our solar system located?','Shekhtman, Lonnie, et al. Our Solar System. NASA, NASA, 25 Jan. 2018, solarsystem.nasa.gov/solar-system/our-solar-system/in-depth/.',1,'2018-10-03 16:04:49'),(352,'All objects within our solar system, including comets and asteroids, orbit the Sun. ','Shekhtman, Lonnie, et al. Our Solar System. NASA, NASA, 25 Jan. 2018, solarsystem.nasa.gov/solar-system/our-solar-system/overview/.',1,'2018-10-04 23:33:35'),(353,'Our solar system formed about 4.5 billion years ago from a dense cloud of interstellar gas and dust.','Shekhtman, Lonnie, et al. Our Solar System. NASA, NASA, 25 Jan. 2018, solarsystem.nasa.gov/solar-system/our-solar-system/overview/.',1,'2018-10-04 23:35:40'),(354,'Which one of these is not a main arm of the Milky Way Galaxy?','The Milky Way Galaxy | Solar System Exploration: NASA Science. NASA, NASA, 4 May 2018, solarsystem.nasa.gov/resources/285/the-milky-way-galaxy/.',1,'2018-10-05 00:08:48'),(355,'Our solar system lies nearest to which arm of the Milky Way Galaxy?','The Milky Way Galaxy | Solar System Exploration: NASA Science. NASA, NASA, 4 May 2018, solarsystem.nasa.gov/resources/285/the-milky-way-galaxy/.',1,'2018-10-05 00:31:19'),(356,'The word nebula is Latin, meaning what?','Nebula. Merriam-Webster, Merriam-Webster, www.merriam-webster.com/dictionary/nebula.',1,'2018-10-05 00:47:05'),(357,'This theory states that our solar system was formed from a large cloud of gas and dust that collapsed into disks under its own gravity.','The Formation of the Solar System. Astronomy: a Beginner\'s Guide to the Universe, by Eric Chaisson and S. McMillan, Addison-Wesley, 2010, p. 120.',1,'2018-10-05 00:58:34'),(358,'Our solar system\'s asteroid belt lies between the orbits of which two planets?','Shekhtman, Lonnie, et al. Asteroids. NASA, NASA, 12 July 2018, solarsystem.nasa.gov/small-bodies/asteroids/overview/?page=0',1,'2018-10-05 10:46:49'),(359,' Asteroids that pass close to Earth and merit close watch are called NEOs. Which stands for what?','Shekhtman, Lonnie, et al. Asteroids. NASA, NASA, 12 July 2018, solarsystem.nasa.gov/small-bodies/asteroids/overview/?page=0',1,'2018-10-05 10:51:57'),(360,'The vast majority of our solar system\'s mass, 99.8% to be exact, come from what?','Shekhtman, Lonnie, et al. Sun. NASA, NASA, 12 Aug. 2018, solarsystem.nasa.gov/solar-system/sun/overview/.',1,'2018-10-05 11:01:07'),(361,'The bubble that surrounds the Sun and the solar system is called the _____.','Zell, Holly. The Heliosphere. NASA, NASA, 2 Mar. 2015, www.nasa.gov/mission_pages/sunearth/science/Heliosphere.html.',1,'2018-10-05 11:28:36'),(362,'The next closest star to our Sun is _____.','The Cosmic Distance Scale. NASA, NASA, 6 Dec. 2016, imagine.gsfc.nasa.gov/features/cosmic/nearest_star_info.html.',1,'2018-10-05 11:38:02'),(363,'What is the next closest solar system to ours?','The Cosmic Distance Scale. NASA, NASA, 6 Dec. 2016, imagine.gsfc.nasa.gov/features/cosmic/nearest_star_info.html.',1,'2018-10-05 11:43:56'),(364,'The gradual growth of bodies, such as planets, by accumulation of other, smaller bodies is known as _____.','The Formation of the Solar System. Astronomy: a Beginner\'s Guide to the Universe, by Eric Chaisson and S. McMillan, Addison-Wesley, 2010, p. 122.',1,'2018-10-11 10:26:00'),(365,'Objects the size of small moons, that have their own gravitational fields just strong enough to affect their neighbors are known as _____. ','The Formation of the Solar System. Astronomy: a Beginner\'s Guide to the Universe, by Eric Chaisson and S. McMillan, Addison-Wesley, 2010, p. 122.',1,'2018-10-11 10:28:44'),(366,'The accumulations of matter that would eventually evolve into the planets we know today are called _____. ','The Formation of the Solar System. Astronomy: a Beginner\'s Guide to the Universe, by Eric Chaisson and S. McMillan, Addison-Wesley, 2010, p. 123.',1,'2018-10-11 10:31:07'),(367,'Collisions of protoplanets and planetesimals from gravitational fields caused _____, the breaking up of large objects into smaller pieces. ','The Formation of the Solar System. Astronomy: a Beginner\'s Guide to the Universe, by Eric Chaisson and S. McMillan, Addison-Wesley, 2010, p. 123.',1,'2018-10-11 10:37:10'),(368,'The forerunner of the present-day Sun is know as _____.','The Formation of the Solar System. Astronomy: a Beginner\'s Guide to the Universe, by Eric Chaisson and S. McMillan, Addison-Wesley, 2010, p. 123.',1,'2018-10-11 10:42:49'),(369,'Jupiter is the _____ planet from the Sun.','Jupiter. NASA, NASA, 17 July 2018, solarsystem.nasa.gov/planets/jupiter/overview/.',1,'2018-10-16 14:53:31'),(370,'Jupiter is by far the largest planet in the solar system.','In Depth | Jupiter  Solar System Exploration: NASA Science. NASA, NASA, 17 July 2018, solarsystem.nasa.gov/planets/jupiter/in-depth/.',1,'2018-10-16 14:58:50'),(371,'Jupiter\'s iconic Great Red Spot is a giant _____ that is bigger than Earth.','In Depth | Jupiter  Solar System Exploration: NASA Science. NASA, NASA, 17 July 2018, solarsystem.nasa.gov/planets/jupiter/in-depth/.',1,'2018-10-16 15:06:50'),(372,'How many known moons is Jupiter surrounded by?','In Depth | Jupiter  Solar System Exploration: NASA Science. NASA, NASA, 17 July 2018, solarsystem.nasa.gov/planets/jupiter/in-depth/.',1,'2018-10-16 15:08:39'),(373,'Jupiter is named for the king of the _____. ','In Depth | Jupiter  Solar System Exploration: NASA Science. NASA, NASA, 17 July 2018, solarsystem.nasa.gov/planets/jupiter/in-depth/.',1,'2018-10-16 15:23:15'),(374,'What type of planet is Jupiter?','In Depth | Jupiter  Solar System Exploration: NASA Science. NASA, NASA, 17 July 2018, solarsystem.nasa.gov/planets/jupiter/in-depth/.',1,'2018-10-16 15:32:56'),(375,'Jupiter\'s radius is over _____ miles long.','In Depth | Jupiter  Solar System Exploration: NASA Science. NASA, NASA, 17 July 2018, solarsystem.nasa.gov/planets/jupiter/in-depth/.',1,'2018-10-16 15:37:04'),(376,'Jupiter is an average of how many Astronomical Units (AU) away from the Sun?','In Depth | Jupiter  Solar System Exploration: NASA Science. NASA, NASA, 17 July 2018, solarsystem.nasa.gov/planets/jupiter/in-depth/.',1,'2018-10-16 15:39:13'),(377,'Jupiter has the shortest day in the solar system.','In Depth | Jupiter  Solar System Exploration: NASA Science. NASA, NASA, 17 July 2018, solarsystem.nasa.gov/planets/jupiter/in-depth/.',1,'2018-10-16 15:39:49'),(378,'It takes 43 minutes for _____ to reach Jupiter.','In Depth | Jupiter  Solar System Exploration: NASA Science. NASA, NASA, 17 July 2018, solarsystem.nasa.gov/planets/jupiter/in-depth/.',1,'2018-10-16 15:45:16'),(379,'About how long is one day on Jupiter?','In Depth | Jupiter  Solar System Exploration: NASA Science. NASA, NASA, 17 July 2018, solarsystem.nasa.gov/planets/jupiter/in-depth/.',1,'2018-10-16 15:54:15'),(380,'About how long does it take Jupiter to complete an orbit around the Sun?','In Depth | Jupiter  Solar System Exploration: NASA Science. NASA, NASA, 17 July 2018, solarsystem.nasa.gov/planets/jupiter/in-depth/.',1,'2018-10-16 15:59:48'),(381,'Jupiter has an axial tilt of just 3 degrees, meaning that it _____.','In Depth | Jupiter  Solar System Exploration: NASA Science. NASA, NASA, 17 July 2018, solarsystem.nasa.gov/planets/jupiter/in-depth/.',1,'2018-10-16 18:24:50'),(382,'Jupiter has the same ingredients as a star, but it did not grow massive enough to ignite.','In Depth | Jupiter  Solar System Exploration: NASA Science. NASA, NASA, 17 July 2018, solarsystem.nasa.gov/planets/jupiter/in-depth/.',1,'2018-10-16 18:26:46'),(383,'Made of liquid hydrogen, Jupiter has the largest _____ in the solar system.','In Depth | Jupiter  Solar System Exploration: NASA Science. NASA, NASA, 17 July 2018, solarsystem.nasa.gov/planets/jupiter/in-depth/.',1,'2018-10-16 18:36:15'),(384,'While Jupiter has no surface or a place for spacecraft to land, a spacecraft could fly through the planet unscathed.','In Depth | Jupiter  Solar System Exploration: NASA Science. NASA, NASA, 17 July 2018, solarsystem.nasa.gov/planets/jupiter/in-depth/.',1,'2018-10-16 18:50:01'),(385,'Jupiter is twice as massive as all the other planets combined.','Jupiter. NASA, NASA, 17 July 2018, solarsystem.nasa.gov/planets/jupiter/overview/.',1,'2018-10-17 10:30:26'),(386,'In 1974 the Voyager mission discovered Jupiter has _____.','Jupiter. NASA, NASA, 17 July 2018, solarsystem.nasa.gov/planets/jupiter/overview/.',1,'2018-10-17 10:33:04'),(387,'How many spacecraft have orbited Jupiter?','Jupiter. NASA, NASA, 17 July 2018, solarsystem.nasa.gov/planets/jupiter/overview/.',1,'2018-10-17 10:35:32'),(388,'In 2016, the spacecraft _____ reached Jupiter.','Jupiter. NASA, NASA, 17 July 2018, solarsystem.nasa.gov/planets/jupiter/overview/.',1,'2018-10-17 10:38:53'),(389,'Jupiter likely has three distinct cloud layers in its \"skies\" that, taken together, span about _____.','In Depth | Jupiter  Solar System Exploration: NASA Science. NASA, NASA, 17 July 2018, solarsystem.nasa.gov/planets/jupiter/in-depth/.',1,'2018-10-17 10:47:44'),(390,'Jupiter is swept by over a dozen prevailing winds, some reaching up to _____ miles per hour.','Dunbar, Brian. What Is Jupiter? NASA, NASA, 1 June 2015, www.nasa.gov/audience/forstudents/5-8/features/nasa-knows/what-is-jupiter-58.html.',1,'2018-10-17 10:50:53'),(391,'The Great Red Spot has been observed on Jupiter for more than 300 years.','In Depth | Jupiter  Solar System Exploration: NASA Science. NASA, NASA, 17 July 2018, solarsystem.nasa.gov/planets/jupiter/in-depth/.',1,'2018-10-17 10:53:10'),(392,'Jupiter\'s moon Io is one of the likeliest places to find life elsewhere in our solar system.','In Depth | Jupiter  Solar System Exploration: NASA Science. NASA, NASA, 17 July 2018, solarsystem.nasa.gov/planets/jupiter/in-depth/.',1,'2018-10-17 10:58:23'),(393,'With four large moons and many smaller moons, Jupiter forms a kind of miniature _____.','In Depth | Jupiter  Solar System Exploration: NASA Science. NASA, NASA, 17 July 2018, solarsystem.nasa.gov/planets/jupiter/in-depth/.',1,'2018-10-17 11:00:46'),(394,'Jupiter\'s four largest moons were discovered in 1610 by the astronomer _____.','In Depth | Jupiter  Solar System Exploration: NASA Science. NASA, NASA, 17 July 2018, solarsystem.nasa.gov/planets/jupiter/in-depth/.',1,'2018-10-17 11:03:54'),(395,'Jupiter\'s four largest moonsIo, Europa, Ganymede and Callisto are known today as the _____.','In Depth | Jupiter  Solar System Exploration: NASA Science. NASA, NASA, 17 July 2018, solarsystem.nasa.gov/planets/jupiter/in-depth/.',1,'2018-10-17 11:09:17'),(396,'Jupiter\'s moon Io is the most _____ active body in the solar system.','In Depth | Jupiter  Solar System Exploration: NASA Science. NASA, NASA, 17 July 2018, solarsystem.nasa.gov/planets/jupiter/in-depth/.',1,'2018-10-17 11:14:56'),(397,'Beneath the frozen crust of Jupiter\'s moon, Europa, may lay a _____ with an estimated depth of 40 to 100 miles.','In Depth | Jupiter  Solar System Exploration: NASA Science. NASA, NASA, 17 July 2018, solarsystem.nasa.gov/planets/jupiter/in-depth/.',1,'2018-10-22 15:55:41'),(398,'We take advantage of Jupiter\'s intense gravity to hurl spacecraft into the the farthest regions of the solar system.','Jupiter. NASA, NASA, 17 July 2018, solarsystem.nasa.gov/planets/jupiter/overview/.',1,'2018-10-22 16:19:32'),(399,'As of 2018 there are multiple rockets powerful enough to hurl a spacecraft into the outer solar system and beyond. ','Jupiter. NASA, NASA, 17 July 2018, solarsystem.nasa.gov/planets/jupiter/overview/.',1,'2018-10-22 16:21:27'),(400,'Jupiter has a series of massive counterclockwise rotating storms that appear as white ovals, these are known as the _____.','Jupiter. NASA, NASA, 17 July 2018, solarsystem.nasa.gov/planets/jupiter/overview/.',1,'2018-10-22 16:33:59'),(401,'Jupiter generates its own auroras.','Jupiter. NASA, NASA, 17 July 2018, solarsystem.nasa.gov/planets/jupiter/overview/.',1,'2018-10-22 16:55:46'),(402,'Jupiter\'s auroras are bigger than Earth.','Jupiter. NASA, NASA, 17 July 2018, solarsystem.nasa.gov/planets/jupiter/overview/.',1,'2018-10-22 16:56:22'),(403,'The auroras on Jupiter are seasonal and temporary.','Jupiter. NASA, NASA, 17 July 2018, solarsystem.nasa.gov/planets/jupiter/overview/.',1,'2018-10-22 17:02:58'),(404,'The red, brown, yellow and white colorful stripes on Jupiter are actually _____. ','Jupiter. NASA, NASA, 17 July 2018, solarsystem.nasa.gov/planets/jupiter/overview/.',1,'2018-10-22 17:06:25'),(405,'After the Moon and Venus, Jupiter is the third _____ object in the night sky.','Observations of Jupiter and Saturn. Astronomy: a Beginner\'s Guide to the Universe, by Eric Chaisson and S. McMillan, Addison-Wesley, 2010, p. 194.',1,'2018-10-22 23:51:50'),(406,'Jupiter\'s rotation produces a strong outward push that causes a pronounced bulge at the planet\'s equator.','\"Jovian Interiors.\" Astronomy: a Beginner\'s Guide to the Universe, by Eric Chaisson and S. McMillan, Addison-Wesley, 2010, p. 209.',1,'2018-10-23 00:21:56'),(407,'Jupiter has the strongest planetary magnetic field in the solar system.','\"Jovian Interiors.\" Astronomy: a Beginner\'s Guide to the Universe, by Eric Chaisson and S. McMillan, Addison-Wesley, 2010, p. 210.',1,'2018-10-23 10:26:40'),(408,'Jupiter is made up of primarily this element.','In Depth | Jupiter  Solar System Exploration: NASA Science. NASA, NASA, 17 July 2018, solarsystem.nasa.gov/planets/jupiter/in-depth/.',1,'2018-10-23 10:41:12'),(409,'One of Jupiter\'s moons, Ganymede, is the _____.','Ganymede. NASA, NASA, 9 Apr. 2018, solarsystem.nasa.gov/moons/jupiter-moons/ganymede/in-depth/.',1,'2018-10-23 10:52:27'),(410,'Earth is the most dense planet in our solar system.','Williams, Dr. David R. Planetary Fact Sheet. NASA, NASA, 18 July 2018, nssdc.gsfc.nasa.gov/planetary/factsheet/planet_table_british.html.',1,'2018-10-23 11:07:59'),(411,'Jupiter is more dense than which planet?','Williams, Dr. David R. Planetary Fact Sheet. NASA, NASA, 18 July 2018, nssdc.gsfc.nasa.gov/planetary/factsheet/planet_table_british.html.',1,'2018-10-23 11:09:38'),(412,'Jupiter does not have rings.','Jupiter. NASA, NASA, 17 July 2018, solarsystem.nasa.gov/planets/jupiter/overview/.',1,'2018-10-23 11:11:32'),(413,'Jupiter\'s equatorial radius exceeds its _____ radius.','\"Jovian Interiors.\" Astronomy: a Beginner\'s Guide to the Universe, by Eric Chaisson and S. McMillan, Addison-Wesley, 2010, p. 209.',1,'2018-10-23 11:26:31'),(414,'How fast must an object be traveling to break free of Earth\'s gravitational force and enter orbit?','Dunbar, Brian. Escape Velocity: Fun and Games. NASA, NASA, www.nasa.gov/audience/foreducators/k-4/features/F_Escape_Velocity.html.',1,'2018-10-24 10:56:04'),(415,'What is the speed at which an object must travel to break free of a planet or moon\'s gravitational force and enter orbit?','Dunbar, Brian. Escape Velocity: Fun and Games. NASA, NASA, www.nasa.gov/audience/foreducators/k-4/features/F_Escape_Velocity.html.',1,'2018-10-24 11:08:35'),(416,'How fast must an object be traveling to break free of Jupiter\'s gravitational force and enter orbit?','Planet Compare  Solar System Exploration: NASA Science. NASA, NASA, 12 Jan. 2018, solarsystem.nasa.gov/planet-compare/.',1,'2018-10-24 11:13:45'),(417,'If you weighed 100 lbs on Earth, how much would you weigh on Jupiter?','How Do We Weigh Planets? NASA, NASA, 4 June 2018, spaceplace.nasa.gov/planets-weight/en/.',1,'2018-10-24 23:28:45'),(418,'Could all of the other planets in our solar system fit inside of Jupiter?','Dunbar, Brian. What Is Jupiter? NASA, NASA, 1 June 2015, www.nasa.gov/audience/forstudents/5-8/features/nasa-knows/what-is-jupiter-58.html.',1,'2018-10-25 00:00:41'),(419,'Jupiter\'s core temperature is about 24,000 degrees Fahrenheit. That is hotter than the surface temperature of the Sun.','Dunbar, Brian. What Is Jupiter? NASA, NASA, 1 June 2015, www.nasa.gov/audience/forstudents/5-8/features/nasa-knows/what-is-jupiter-58.html.',1,'2018-10-25 00:06:02'),(420,'After the Sun, Jupiter has by far the strongest and biggest magnetic field in our solar system. What causes this?','Dunbar, Brian. What Is Jupiter? NASA, NASA, 1 June 2015, www.nasa.gov/audience/forstudents/5-8/features/nasa-knows/what-is-jupiter-58.html.',1,'2018-10-25 00:20:42'),(421,'Jupiter emits about twice as much heat than it receives from the Sun.','\"Jovian Interiors.\" Astronomy: a Beginner\'s Guide to the Universe, by Eric Chaisson and S. McMillan, Addison-Wesley, 2010, p. 210.',1,'2018-10-25 00:36:13'),(422,'Jupiter\'s ring system is composed of how many parts?','Jupiter\'s Gossamer Ring. NASA, NASA, www.jpl.nasa.gov/spaceimages/details.php?id=PIA00659.',1,'2018-10-25 01:10:07'),(423,'These are rocky, airless worlds that orbit our Sun, but are too small to be called planets.','Asteroids. NASA, NASA, 10 Oct. 2018, solarsystem.nasa.gov/small-bodies/asteroids/overview/?page=0',1,'2018-10-25 01:32:11'),(424,'A relatively small, object whose ices can vaporize in sunlight forming an atmosphere (coma) of dust and gas and, sometimes, a tail of dust and/or gas.','Dunbar, Brian. Asteroid Fast Facts. NASA, NASA, 24 Mar. 2015, www.nasa.gov/mission_pages/asteroids/overview/fastfacts.html.',1,'2018-10-25 01:37:24'),(425,'A small particle from a comet or asteroid orbiting the Sun is known as a _____.','Dunbar, Brian. Asteroid Fast Facts. NASA, NASA, 24 Mar. 2015, www.nasa.gov/mission_pages/asteroids/overview/fastfacts.html.',1,'2018-10-25 01:38:40'),(426,'The light phenomena which results when a meteoroid enters the Earth\'s atmosphere and vaporizes; a shooting star.','Dunbar, Brian. Asteroid Fast Facts. NASA, NASA, 24 Mar. 2015, www.nasa.gov/mission_pages/asteroids/overview/fastfacts.html.',1,'2018-10-25 01:40:27'),(427,'A meteoroid that survives its passage through the Earth\'s atmosphere and lands upon the Earth\'s surface.','Dunbar, Brian. Asteroid Fast Facts. NASA, NASA, 24 Mar. 2015, www.nasa.gov/mission_pages/asteroids/overview/fastfacts.html.',1,'2018-10-25 01:41:12'),(428,'Who was the first American to be sent into space?','Dunbar, Brian. Who Was Alan Shepard? NASA, NASA, 12 May 2015, www.nasa.gov/audience/forstudents/k-4/stories/nasa-knows/who-was-alan-shepard-k4.html.',1,'2018-10-25 01:53:10'),(429,'The Milky Way is a huge city of stars, so big that even at the speed of light, it would take _____ years to travel across it.','Canright , Shelley. How Big Is Our Universe? NASA, NASA, 15 July 2004, www.nasa.gov/audience/foreducators/5-8/features/F_How_Big_is_Our_Universe.html.',1,'2018-10-25 10:03:33'),(430,'What year was SpaceX founded?','Company. SpaceX, SpaceX, 28 Nov. 2012, www.spacex.com/about.',1,'2018-10-25 10:31:53'),(431,'The _____ spacecraft was the first commercial spacecraft in history to deliver cargo to and from the International Space Station.','Dragon. SpaceX, SpaceX, 16 Nov. 2012, www.spacex.com/dragon.',1,'2018-10-25 10:37:34'),(432,'In 2008 the _____ became the first privately developed liquid fuel rocket to reach Earth orbit.','Company. SpaceX, SpaceX, 28 Nov. 2012, www.spacex.com/about.',1,'2018-10-25 10:46:10'),(433,'In 2009 the Falcon 1 became the first privately developed liquid fuel rocket to deliver a _____ in Earth orbit. ','Company. SpaceX, SpaceX, 28 Nov. 2012, www.spacex.com/about.',1,'2018-10-25 10:49:43'),(434,'The Dragon spacecraft became the first first privately developed spacecraft in history to _____.','Company. SpaceX, SpaceX, 28 Nov. 2012, www.spacex.com/about.',1,'2018-10-25 10:54:06'),(435,'SpaceX was founded with the ultimate goal of _____.','Company. SpaceX, SpaceX, 28 Nov. 2012, www.spacex.com/about.',1,'2018-10-25 11:06:31'),(436,'Who founded SpaceX?','Company. SpaceX, SpaceX, 28 Nov. 2012, www.spacex.com/about.',1,'2018-10-25 11:08:35'),(437,'Falcon 9 is the first orbital class rocket capable of _____.','Falcon 9. SpaceX, SpaceX, 16 Nov. 2012, www.spacex.com/falcon9.',1,'2018-10-25 11:17:44'),(438,'How many first-stage Merlin engines does the Falcon 9 have?','Falcon 9. SpaceX, SpaceX, 16 Nov. 2012, www.spacex.com/falcon9.',1,'2018-10-25 11:19:04'),(439,'At full power a Falcon 9 rocket has a thrust greater than _____.','Falcon 9. SpaceX, SpaceX, 16 Nov. 2012, www.spacex.com/falcon9.',1,'2018-10-26 10:33:15'),(440,'This rocket is the most powerful rocket in the world by a factor of two.','Falcon Heavy. SpaceX, SpaceX, 16 Nov. 2012, www.spacex.com/falcon-heavy.',1,'2018-10-26 10:38:15'),(441,'How many first-stage Merlin engines does the Falcon Heavy have?','Falcon Heavy. SpaceX, SpaceX, 16 Nov. 2012, www.spacex.com/falcon-heavy.',1,'2018-10-26 10:42:51'),(442,'At full power a Falcon Heavy rocket has a thrust greater than eighteen 747 aircraft.','Falcon Heavy. SpaceX, SpaceX, 16 Nov. 2012, www.spacex.com/falcon-heavy.',1,'2018-10-26 10:43:58'),(443,'The Falcon Heavy is composed of _____ Falcon 9 engine cores.','\"Falcon Heavy.\" SpaceX, SpaceX, 16 Nov. 2012, www.spacex.com/falcon-heavy.',1,'2018-10-26 10:45:17'),(444,'In 2017 SpaceX was able to successfully complete the first reflight of a Falcon 9 rocket.','Falcon Heavy. SpaceX, SpaceX, 16 Nov. 2012, www.spacex.com/falcon-heavy.',1,'2018-10-26 11:16:54'),(445,'The first payload that the Falcon Heavy brought up to space consisted of _____.','Shanklin, Emily. Falcon Heavy Test Launch. SpaceX, SpaceX, 7 Feb. 2018, www.spacex.com/news/2018/02/07/falcon-heavy-test-launch.',1,'2018-10-27 10:08:20'),(446,'What is the name of the mannequin dressed in a spacesuit that SpaceX launched into space withe the Falcon Heavy?','Shanklin, Emily. Falcon Heavy Test Launch. SpaceX, SpaceX, 7 Feb. 2018, www.spacex.com/news/2018/02/07/falcon-heavy-test-launch.',1,'2018-10-27 11:16:55'),(447,'The Milky Way Galaxy will eventually collide with the galaxy named _____.','Galaxies. NASA, NASA, science.nasa.gov/astrophysics/focus-areas/what-are-galaxies.',1,'2018-10-27 21:37:32'),(448,'What is an enormous collection of a few million to several trillion stars, gas, and dust held together by gravity?','Teacher\'s Science Background: Galaxy Q',1,'2018-10-27 22:06:09'),(449,'The coldest place in the universe with a temperature of nearly -460 degrees Fahrenheit is _____','Boomerang Nebula. NASA, NASA, 23 Mar. 2008, www.nasa.gov/multimedia/imagegallery/image_feature_405.html. ,PIA17551: Ghostly \'Boomerang\'. NASA, NASA, 25 Oct. 2013, photojournal.jpl.nasa.gov/catalog/PIA17551.  ',1,'2018-10-27 22:42:07'),(450,'Who was the first man in space?','Wilson , Jim. Yuri Gagarin: First Man in Space. NASA, NASA, 13 Apr. 2001, www.nasa.gov/mission_pages/shuttle/sts1/gagarin_anniversary.html.',1,'2018-10-27 23:19:32'),(451,'Who was the first woman in space?','Knipfer, Cody. Sally Ride and Valentina Tereshkova: Changing the Course of Human Space Exploration. NASA, NASA, 11 Mar. 2015, www.nasa.gov/topics/history/features/ride_anniversary.html.',1,'2018-10-27 23:24:45'),(452,'Who was the first American Women in space?','Wild , Flint. Who Was Sally Ride? NASA, NASA, 12 May 2015, www.nasa.gov/audience/forstudents/k-4/stories/nasa-knows/who-was-sally-ride-k4.html.',1,'2018-10-27 23:30:11'),(453,'What is at the center of our Milky Way Galaxy?','Morrow, Ashley. Hubble\'s Journey to the Center of Our Galaxy. NASA, NASA, 29 Mar. 2016, www.nasa.gov/feature/goddard/2016/hubble-s-journey-to-the-center-of-our-galaxy.',1,'2018-10-29 10:38:30'),(454,'Earth is _____ light years away from the center of the Milky Way Galaxy.','Morrow, Ashley. Hubble\'s Journey to the Center of Our Galaxy. NASA, NASA, 29 Mar. 2016, www.nasa.gov/feature/goddard/2016/hubble-s-journey-to-the-center-of-our-galaxy.',1,'2018-10-29 10:45:13'),(455,'_____ is the study of the universe - the totality of all space, time, matter and energy.','Part 1: Foundations . Astronomy: a Beginner\'s Guide to the Universe, by Eric Chaisson and S. McMillan, Addison-Wesley, 2010.',1,'2018-10-29 11:03:39'),(456,'Outer space is silent?','Kornreich, Dave. Can You Hear Sounds in Space? (Beginner). Home - Curious About Astronomy? Ask an Astronomer, 16 Apr. 1999, curious.astro.cornell.edu/150-people-in-astronomy/space-exploration-and-astronauts/general-questions/918-can-you-hear-sounds-in-space-beginner?highlight=WyJzaWxlbnQiXQ.',1,'2018-10-30 13:18:32'),(457,'Why is there no sound in outer space?','Kornreich, Dave. Can You Hear Sounds in Space? (Beginner). Home - Curious About Astronomy? Ask an Astronomer, 16 Apr. 1999, curious.astro.cornell.edu/150-people-in-astronomy/space-exploration-and-astronauts/general-questions/918-can-you-hear-sounds-in-space-beginner?highlight=WyJzaWxlbnQiXQ.',1,'2018-10-30 13:27:12'),(458,'The universe\'s current rate of expansion is usually expressed as the _____.','How Fast Is the Universe Expanding? NASA, NASA, 24 Jan. 2014, wmap.gsfc.nasa.gov/universe/uni_expansion.html.',1,'2018-10-31 10:39:16'),(459,'Matter in our solar system that is not part of a planet or moon is known as _____.','Interplanetary Matter. Astronomy: a Beginner\'s Guide to the Universe, by Eric Chaisson and S. McMillan, Addison-Wesley, 2010, p. 105.',1,'2018-11-01 10:56:15'),(460,'The matter between stars, composed of two components, gas and dust, intermixed throughout all of space is called _____. ','Interstellar Matter. Astronomy: a Beginner\'s Guide to the Universe, by Eric Chaisson and S. McMillan, Addison-Wesley, 2010, p. 292.',1,'2018-11-01 11:02:14'),(461,'Interstellar space is the part of space that exists between stars.','Where Does Interstellar Space Begin? NASA, NASA, 17 Apr. 2017, spaceplace.nasa.gov/interstellar/en/.',1,'2018-11-01 11:07:32'),(462,'Interstellar space begins at our solar system\'s _____.','Where Does Interstellar Space Begin? NASA, NASA, 17 Apr. 2017, spaceplace.nasa.gov/interstellar/en/.',1,'2018-11-01 11:11:41'),(463,'Once you arrive in interstellar space, there would be a magnetic field that does not originate from our _____.','Where Does Interstellar Space Begin? NASA, NASA, 17 Apr. 2017, spaceplace.nasa.gov/interstellar/en/.',1,'2018-11-01 11:13:31'),(464,'These are all dwarf planets in our solar system except:','Shekhtman, Lonnie, et al. Planets. NASA, NASA, 6 Feb. 2018, solarsystem.nasa.gov/planets/overview/.',1,'2018-11-01 11:23:00'),(465,'Most of the universe is a vacuum.','Christian, Dr. Eric. Space Physics: Matter in Space. NASA, NASA, 2006, helios.gsfc.nasa.gov/qa_sp_ms.html.',1,'2018-11-02 10:02:00'),(466,'_____ is the point at which no further cooling is possible, all motion stops, except for tiny vibrations.','Wilson, Jim. Researchers Cool Gas To Record Low. NASA, NASA, 30 Nov. 2007, www.nasa.gov/vision/earth/technologies/biggest_chill.html.',1,'2018-11-02 10:09:25'),(467,'Most of the elements in the human body were created in the inferno of a burning star.','Beck, Beth. NASA Facts. NASA, NASA, 28 Feb. 2004, www.nasa.gov/facts/Universe/universe_facts_archives.html.',1,'2018-11-02 10:20:37'),(468,'The tendency of an object to continue moving at the same speed and in th same direction, unless acted upon by a forces is _____.','Newton\'s Laws. Astronomy: a Beginner\'s Guide to the Universe, by Eric Chaisson and S. McMillan, Addison-Wesley, 2010, p. 35.',1,'2018-11-02 10:29:36'),(469,'_____ is the force by which a planet or other body draws objects toward its center.','What Is Gravity? NASA, NASA, 4 May 2017, spaceplace.nasa.gov/what-is-gravity/en/.',1,'2018-11-02 10:41:17'),(470,'There are 5 planets between the Sun and the asteroid belt.','In Depth | Asteroids  Solar System Exploration: NASA Science. NASA, NASA, 19 Dec. 2017, solarsystem.nasa.gov/small-bodies/asteroids/in-depth/.',1,'2018-11-05 23:27:39'),(471,'The Oort Cloud is the boundary of the Sun\'s gravitational influence, where orbiting objects can turn around and return closer to our Sun.','Shekhtman, Lonnie, et al. Our Solar System. NASA, NASA, 22 Jan. 2018, solarsystem.nasa.gov/solar-system/our-solar-system/in-depth/.',1,'2018-11-05 23:36:37'),(472,'The orbits of the planets in our solar system all lie nearly in the same plane.','The Formation of the Solar System. Astronomy: a Beginner\'s Guide to the Universe, by Eric Chaisson and S. McMillan, Addison-Wesley, 2010, p. 119.',1,'2018-11-06 01:58:26'),(473,'As of 2018 SpaceX maintains _____ different launch sites around the USA.','Capabilities ',1,'2018-11-06 11:27:39'),(474,'Which launch facility was where the Falcon Heavy made its maiden voyage?','Falcon Heavy. SpaceX, SpaceX, 16 Nov. 2012, www.spacex.com/falcon-heavy.',1,'2018-11-06 11:36:42'),(475,'SpaceX is currently the largest private producer of rocket engines in the world.','SPACEX COMPLETES 100TH MERLIN 1D ENGINE. SpaceX, SpaceX, 22 Oct. 2014, www.spacex.com/news/2014/10/16/spacex-completes-100th-merlin-1d-engine.',1,'2018-11-06 11:52:00'),(476,'SpaceX has not been successful relaunching the Dragon spacecraft.','Shanklin, Emily. Falcon Heavy Test Launch. SpaceX, SpaceX, 7 Feb. 2018, www.spacex.com/news/2018/02/07/falcon-heavy-test-launch.',1,'2018-11-06 12:05:46'),(477,'These are all names of SpaceX droneships except _____.','Malik, Tariq. Elon Musk Explains Why SpaceX\'s Falcon Heavy Core Booster Crashed. Space.com, Space.com, 14 Feb. 2018, www.space.com/39690-elon-musk-explains-falcon-heavy-core-booster-crash.html.',1,'2018-11-06 19:03:25'),(478,'What is the name of the fairing-catcher boat intended to catch SpaceX fairings?','Etherington, Darrell. SpaceX to Use a Net Boat Called \'Mr. Steven\' to Recover next Rocket Fairing. TechCrunch, TechCrunch, 20 Feb. 2018, techcrunch.com/2018/02/20/spacex-to-use-a-net-boat-called-mr-steven-to-recover-next-rocket-fairing/.',1,'2018-11-06 19:59:03');
/*!40000 ALTER TABLE `questions` ENABLE KEYS */;
UNLOCK TABLES;

--
-- Table structure for table `reviewer`
--

DROP TABLE IF EXISTS `reviewer`;
/*!40101 SET @saved_cs_client     = @@character_set_client */;
/*!40101 SET character_set_client = utf8 */;
CREATE TABLE `reviewer` (
  `id` int(11) NOT NULL,
  `name` varchar(45) NOT NULL,
  PRIMARY KEY (`id`)
) ENGINE=InnoDB DEFAULT CHARSET=latin1;
/*!40101 SET character_set_client = @saved_cs_client */;

--
-- Dumping data for table `reviewer`
--

LOCK TABLES `reviewer` WRITE;
/*!40000 ALTER TABLE `reviewer` DISABLE KEYS */;
INSERT INTO `reviewer` VALUES (0,'beerent'),(1,'bob');
/*!40000 ALTER TABLE `reviewer` ENABLE KEYS */;
UNLOCK TABLES;

--
-- Table structure for table `sessions`
--

DROP TABLE IF EXISTS `sessions`;
/*!40101 SET @saved_cs_client     = @@character_set_client */;
/*!40101 SET character_set_client = utf8 */;
CREATE TABLE `sessions` (
  `id` int(11) NOT NULL AUTO_INCREMENT,
  `username` varchar(20) DEFAULT NULL,
  `datetime` datetime DEFAULT NULL,
  PRIMARY KEY (`id`)
) ENGINE=InnoDB AUTO_INCREMENT=305 DEFAULT CHARSET=utf8;
/*!40101 SET character_set_client = @saved_cs_client */;

--
-- Dumping data for table `sessions`
--

LOCK TABLES `sessions` WRITE;
/*!40000 ALTER TABLE `sessions` DISABLE KEYS */;
INSERT INTO `sessions` VALUES (173,'brent',NULL),(174,'kek',NULL),(175,'kek',NULL),(176,'Norm',NULL),(177,'Norm',NULL),(178,'Norm',NULL),(179,'Matthew',NULL),(180,'TheGoodDogGirl',NULL),(181,'TheGoodDogGirl',NULL),(182,'Laura',NULL),(183,'Laura',NULL),(184,'brent',NULL),(185,'Brent',NULL),(186,'Brent',NULL),(187,'Brent',NULL),(188,'brent',NULL),(189,'brent',NULL),(190,'brent',NULL),(191,'brent',NULL),(192,'brent',NULL),(193,'brent',NULL),(194,'brent',NULL),(195,'brent',NULL),(196,'brnet',NULL),(197,'Brent',NULL),(198,'test',NULL),(199,'test',NULL),(200,'test',NULL),(201,'test',NULL),(202,'test',NULL),(203,'test',NULL),(204,'test',NULL),(205,'test',NULL),(206,'test',NULL),(207,'test',NULL),(208,'test',NULL),(209,'test',NULL),(210,'k',NULL),(211,'k',NULL),(212,'test23',NULL),(213,'test23',NULL),(214,'test',NULL),(215,'test',NULL),(216,'k',NULL),(217,'k',NULL),(218,'j',NULL),(219,'brent',NULL),(220,'brent',NULL),(221,'test',NULL),(222,'brent',NULL),(223,'test',NULL),(224,'brent',NULL),(225,'brent',NULL),(226,'fsf',NULL),(227,'kk',NULL),(228,'brent',NULL),(229,'kkk',NULL),(230,'kkk',NULL),(231,'kkk',NULL),(232,'kkk',NULL),(233,'lkj',NULL),(234,'test',NULL),(235,'test',NULL),(236,'test',NULL),(237,'test',NULL),(238,'k',NULL),(239,'j',NULL),(240,'hj',NULL),(241,'kjh',NULL),(242,'brent',NULL),(243,'brent',NULL),(244,'lkj',NULL),(245,';lkj',NULL),(246,';lkj',NULL),(247,';lkj',NULL),(248,'lkj',NULL),(249,';lk',NULL),(250,'lkj',NULL),(251,'lkj',NULL),(252,'lkj',NULL),(253,'lkj',NULL),(254,'lkj',NULL),(255,'lkj',NULL),(256,'brent',NULL),(257,'trdt',NULL),(258,'trt',NULL),(259,'trt',NULL),(260,'trt',NULL),(261,'trt',NULL),(262,'trt',NULL),(263,'trt',NULL),(264,'trdt',NULL),(265,'trdt',NULL),(266,'trdt',NULL),(267,'trdt',NULL),(268,'test',NULL),(269,'datetimetest','2017-08-17 17:58:20'),(270,'bren!','2017-08-17 18:02:38'),(271,'btet@','2017-08-17 18:03:05'),(272,'test4','2017-08-17 18:03:28'),(273,'test22','2017-08-17 18:03:43'),(274,'lkj','2017-08-17 23:38:45'),(275,'lkj','2017-08-17 18:40:03'),(276,'brent13','2017-08-17 18:40:13'),(277,'lkj','2017-08-17 18:40:46'),(278,'jkkkk','2017-08-17 18:41:45'),(279,'jjjjjj','2017-08-17 18:42:21'),(280,'jjkkjj','2017-08-17 18:43:33'),(281,'jjjjj','2017-08-17 18:43:54'),(282,'lkjklj','2017-08-17 18:44:48'),(283,'lkj','2017-08-17 18:46:52'),(284,'k','2017-08-17 18:51:03'),(285,'lkj','2017-08-18 21:53:25'),(286,'lkj','2017-08-18 21:54:00'),(287,'lkj','2017-08-18 21:54:56'),(288,'kl','2017-08-18 21:55:32'),(289,'kl','2017-08-18 21:55:53'),(290,'jk','2017-08-18 21:58:20'),(291,'jk','2017-08-18 22:00:24'),(292,'j','2017-08-18 22:04:07'),(293,'j','2017-08-18 22:04:23'),(294,'k','2017-08-18 22:06:28'),(295,'k','2017-08-18 22:07:49'),(296,'k','2017-08-18 22:22:27'),(297,'lkj','2017-08-18 22:40:58'),(298,'kkk','2017-08-18 22:42:27'),(299,'j','2017-08-18 22:57:50'),(300,'j','2017-08-18 23:08:47'),(301,'k','2017-08-18 23:08:52'),(302,'j','2017-08-18 23:09:16'),(303,'k','2017-08-18 23:09:35'),(304,'k','2017-08-18 23:09:56');
/*!40000 ALTER TABLE `sessions` ENABLE KEYS */;
UNLOCK TABLES;

--
-- Table structure for table `users`
--

DROP TABLE IF EXISTS `users`;
/*!40101 SET @saved_cs_client     = @@character_set_client */;
/*!40101 SET character_set_client = utf8 */;
CREATE TABLE `users` (
  `id` int(11) NOT NULL AUTO_INCREMENT,
  `username` varchar(20) NOT NULL,
  `email` varchar(45) NOT NULL,
  `password_salt` varchar(45) NOT NULL,
  PRIMARY KEY (`id`),
  UNIQUE KEY `email_UNIQUE` (`email`),
  UNIQUE KEY `username_UNIQUE` (`username`),
  UNIQUE KEY `id_UNIQUE` (`id`)
) ENGINE=InnoDB AUTO_INCREMENT=2 DEFAULT CHARSET=latin1;
/*!40101 SET character_set_client = @saved_cs_client */;

--
-- Dumping data for table `users`
--

LOCK TABLES `users` WRITE;
/*!40000 ALTER TABLE `users` DISABLE KEYS */;
INSERT INTO `users` VALUES (1,'beerent','brentryczak@gmail.com','turtle12');
/*!40000 ALTER TABLE `users` ENABLE KEYS */;
UNLOCK TABLES;
/*!40103 SET TIME_ZONE=@OLD_TIME_ZONE */;

/*!40101 SET SQL_MODE=@OLD_SQL_MODE */;
/*!40014 SET FOREIGN_KEY_CHECKS=@OLD_FOREIGN_KEY_CHECKS */;
/*!40014 SET UNIQUE_CHECKS=@OLD_UNIQUE_CHECKS */;
/*!40101 SET CHARACTER_SET_CLIENT=@OLD_CHARACTER_SET_CLIENT */;
/*!40101 SET CHARACTER_SET_RESULTS=@OLD_CHARACTER_SET_RESULTS */;
/*!40101 SET COLLATION_CONNECTION=@OLD_COLLATION_CONNECTION */;
/*!40111 SET SQL_NOTES=@OLD_SQL_NOTES */;

-- Dump completed on 2018-11-07  2:04:58
